0,1,2,3
"VonRueden, Walker and Schroeder",Heineken ,23,1/24/2018
Ward-Weissnat,Steel Reserve,37,11/21/2017
Ward-Weissnat,Yuengling Lager,31,8/15/2018
Ward-Weissnat,Blue Ribbon,28,9/29/2018
Ward-Weissnat,High Life,7,4/6/2018
Ward-Weissnat,Keystone Light,47,5/25/2018
Ward-Weissnat,Heineken ,38,11/30/2017
Ward-Weissnat,Natural Light,33,5/25/2018
Ward-Weissnat,Corona Extra,8,8/21/2018
Ward-Weissnat,Miller Lite,32,8/25/2018
Ward-Weissnat,Budweiser,14,8/25/2018
Ward-Weissnat,Coors Light,27,4/18/2018
Hyatt Group,Steel Reserve,18,11/22/2017
Hyatt Group,Dos Equis ,13,1/19/2018
Hyatt Group,Blue Moon,7,3/31/2018
Hyatt Group,Yuengling Lager,9,2/12/2018
Hyatt Group,Blue Ribbon,42,8/7/2018
Hyatt Group,Busch,50,10/16/2018
Hyatt Group,Michelob Ultra,34,10/5/2018
Hyatt Group,Miller Lite,29,8/29/2018
Hyatt Group,Budweiser,13,10/13/2018
Hyatt Group,Coors Light,32,9/4/2018
"Rippin, Zieme and Bosco",Coronoa Light,24,12/18/2017
"Rippin, Zieme and Bosco",Icehouse,46,8/29/2018
"Rippin, Zieme and Bosco",Coors Banquet,46,10/4/2018
"Rippin, Zieme and Bosco",Natural Ice,26,4/6/2018
"Rippin, Zieme and Bosco",Blue Ribbon,30,5/26/2018
"Rippin, Zieme and Bosco",Keystone Light,14,5/26/2018
"Rippin, Zieme and Bosco",Heineken ,11,11/2/2017
"Rippin, Zieme and Bosco",Michelob Ultra,19,9/7/2018
"Rippin, Zieme and Bosco",Corona Extra,40,8/29/2018
"Rippin, Zieme and Bosco",Coors Light,21,1/19/2018
"Thompson, Parker and Schneider",Coors Banquet,46,1/31/2018
"Thompson, Parker and Schneider",Busch Light,16,3/20/2018
Frami LLC,Stella Artois,17,10/5/2018
Rodriguez-Carter,Mil's Best Ice,20,4/3/2018
Rodriguez-Carter,Dos Equis ,37,10/13/2018
Rodriguez-Carter,Blue Moon,2,9/18/2018
Rodriguez-Carter,Natural Ice,15,10/9/2018
Rodriguez-Carter,Bud Ice,43,4/10/2018
Rodriguez-Carter,High Life,7,10/28/2017
Rodriguez-Carter,Busch,46,11/15/2017
Rodriguez-Carter,Busch Light,28,8/15/2018
Rodriguez-Carter,Natural Light,13,4/30/2018
Rodriguez-Carter,Michelob Ultra,44,10/28/2017
Rodriguez-Carter,Budweiser,14,11/10/2017
Rodriguez-Carter,Coors Light,27,1/26/2018
"Bode, Kreiger and Abernathy",Guinness,14,10/9/2018
"Bode, Kreiger and Abernathy",Mil's Best Ice,46,6/10/2018
"Bode, Kreiger and Abernathy",Icehouse,34,12/3/2017
"Bode, Kreiger and Abernathy",Natural Ice,13,8/25/2018
"Bode, Kreiger and Abernathy",Budweiser,2,12/18/2017
Rolfson Inc,Yuengling Lager,42,4/28/2018
Rolfson Inc,Bud Ice,14,9/5/2018
Rolfson Inc,Keystone Light,37,6/10/2018
Rolfson Inc,Corona Extra,29,4/2/2018
"Sipes, Mueller and Walker",Guinness,40,3/6/2018
"Sipes, Mueller and Walker",Mil's Best Ice,40,8/2/2018
"Sipes, Mueller and Walker",Coronoa Light,28,12/18/2017
"Sipes, Mueller and Walker",Steel Reserve,13,10/12/2018
"Sipes, Mueller and Walker",Blue Ribbon,50,8/10/2018
"Sipes, Mueller and Walker",Bud Ice,16,12/3/2017
"Sipes, Mueller and Walker",High Life,3,3/16/2018
"Sipes, Mueller and Walker",Keystone Light,12,3/6/2018
"Sipes, Mueller and Walker",Busch,44,4/2/2018
Dicki-Kuphal,Guinness,1,11/30/2017
Dicki-Kuphal,Mil's Best Ice,19,2/7/2018
Dicki-Kuphal,Icehouse,14,5/26/2018
Dicki-Kuphal,Steel Reserve,19,9/7/2018
Dicki-Kuphal,Natural Ice,6,9/22/2018
Dicki-Kuphal,Blue Ribbon,25,7/28/2018
Dicki-Kuphal,Busch,12,4/3/2018
Dicki-Kuphal,Natural Light,44,12/8/2017
Dicki-Kuphal,Modelo Especial,27,4/10/2018
Dicki-Kuphal,Miller Lite,44,2/17/2018
"Boyle, Schowalter and McClure",Guinness,16,2/7/2018
"Boyle, Schowalter and McClure",Mil's Best Ice,28,7/7/2018
"Boyle, Schowalter and McClure",Natural Ice,36,11/2/2017
"Boyle, Schowalter and McClure",Natural Light,40,9/5/2018
"Boyle, Schowalter and McClure",Coors Light,47,7/6/2018
Mraz-Schmeler,Guinness,33,8/25/2018
Mraz-Schmeler,Dos Equis ,33,12/27/2017
Mraz-Schmeler,Natural Ice,25,8/15/2018
Mraz-Schmeler,Keystone Light,0,6/4/2018
Mraz-Schmeler,Heineken ,0,6/4/2018
Mraz-Schmeler,Busch,38,12/18/2017
Mraz-Schmeler,Natural Light,22,5/25/2018
Mraz-Schmeler,Modelo Especial,17,4/21/2018
Mraz-Schmeler,Michelob Ultra,50,11/21/2017
Mraz-Schmeler,Corona Extra,43,11/4/2017
Klocko LLC,Steel Reserve,19,4/2/2018
Klocko LLC,Blue Moon,44,1/26/2018
Klocko LLC,Blue Ribbon,10,10/5/2018
Klocko LLC,High Life,12,4/3/2018
Klocko LLC,Heineken ,4,11/22/2017
Klocko LLC,Busch,27,4/1/2018
Klocko LLC,Busch Light,23,6/13/2018
Klocko LLC,Natural Light,37,4/21/2018
Klocko LLC,Corona Extra,6,9/22/2018
Klocko LLC,Budweiser,49,4/1/2018
Klocko LLC,Coors Light,2,3/31/2018
Rohan-Sipes,Coronoa Light,26,4/18/2018
Rohan-Sipes,Icehouse,2,6/23/2018
Rohan-Sipes,Blue Moon,6,10/28/2017
Rohan-Sipes,Natural Ice,2,10/28/2017
Rohan-Sipes,Stella Artois,37,11/2/2017
Rohan-Sipes,Keystone Light,16,6/25/2018
Rohan-Sipes,Heineken ,41,10/12/2018
Rohan-Sipes,Corona Extra,10,4/2/2018
Rohan-Sipes,Budweiser,11,7/6/2018
Rohan-Sipes,Coors Light,14,2/12/2018
Abshire-Mante,Guinness,43,2/7/2018
Abshire-Mante,Dos Equis ,48,4/10/2018
Abshire-Mante,Bud Ice,5,5/26/2018
Abshire-Mante,Stella Artois,45,9/17/2018
Abshire-Mante,High Life,42,1/25/2018
Abshire-Mante,Busch Light,40,12/18/2017
Abshire-Mante,Natural Light,28,4/21/2018
Windler LLC,Mil's Best Ice,11,11/2/2017
Windler LLC,Coronoa Light,47,4/18/2018
Windler LLC,Steel Reserve,30,5/26/2018
Windler LLC,Dos Equis ,6,3/1/2018
Windler LLC,Blue Moon,29,9/4/2018
Windler LLC,Bud Ice,17,12/8/2017
Windler LLC,Stella Artois,25,4/17/2018
Windler LLC,High Life,43,3/31/2018
Windler LLC,Busch,1,6/4/2018
Windler LLC,Busch Light,33,8/29/2018
Windler LLC,Natural Light,35,12/27/2017
Windler LLC,Budweiser,0,3/9/2018
Maggio-Crona,Corona Extra,38,7/28/2018
Maggio-Crona,Miller Lite,39,4/1/2018
Maggio-Crona,Budweiser,30,11/4/2017
Collier-Dicki,Icehouse,4,4/30/2018
Collier-Dicki,Natural Ice,32,4/10/2018
Collier-Dicki,Keystone Light,23,8/25/2018
Collier-Dicki,Michelob Ultra,10,4/10/2018
Collier-Dicki,Coors Light,23,6/21/2018
"Hansen, Hodkiewicz and Kessler",Coronoa Light,36,3/20/2018
"Hansen, Hodkiewicz and Kessler",Coors Banquet,17,1/19/2018
"Hansen, Hodkiewicz and Kessler",Yuengling Lager,4,7/6/2018
"Hansen, Hodkiewicz and Kessler",Natural Ice,14,10/13/2018
"Hansen, Hodkiewicz and Kessler",Blue Ribbon,4,9/7/2018
"Hansen, Hodkiewicz and Kessler",High Life,47,4/6/2018
"Hansen, Hodkiewicz and Kessler",Keystone Light,42,1/24/2018
Hermiston-Mayer,Icehouse,15,3/31/2018
Hermiston-Mayer,Natural Ice,16,8/25/2018
Hermiston-Mayer,High Life,22,10/12/2018
Hermiston-Mayer,Busch Light,43,10/18/2018
Hermiston-Mayer,Budweiser,29,11/10/2017
Hermiston-Mayer,Coors Light,26,10/5/2018
Hodkiewicz Inc,Guinness,35,10/28/2017
Hodkiewicz Inc,Coronoa Light,33,8/25/2018
Hodkiewicz Inc,Yuengling Lager,25,6/25/2018
Hodkiewicz Inc,Natural Ice,50,10/9/2018
Hodkiewicz Inc,High Life,2,2/26/2018
Hodkiewicz Inc,Modelo Especial,42,4/1/2018
Hodkiewicz Inc,Michelob Ultra,49,7/7/2018
Hodkiewicz Inc,Miller Lite,16,6/25/2018
Hodkiewicz Inc,Budweiser,34,8/25/2018
"Hauck, Hettinger and Hills",Mil's Best Ice,21,4/12/2018
"Hauck, Hettinger and Hills",Coronoa Light,33,5/25/2018
"Hauck, Hettinger and Hills",Stella Artois,34,11/30/2017
"Hauck, Hettinger and Hills",High Life,28,7/13/2018
"Hauck, Hettinger and Hills",Natural Light,35,11/10/2017
"Hauck, Hettinger and Hills",Michelob Ultra,46,10/18/2018
"Hauck, Hettinger and Hills",Corona Extra,49,3/31/2018
"Hauck, Hettinger and Hills",Budweiser,6,1/12/2018
McLaughlin and Sons,High Life,9,8/25/2018
Abshire Group,Coors Banquet,28,2/12/2018
Abshire Group,Blue Ribbon,23,2/26/2018
Abshire Group,Stella Artois,21,8/15/2018
Abshire Group,Busch Light,23,2/26/2018
Abshire Group,Natural Light,33,6/13/2018
Abshire Group,Michelob Ultra,8,12/20/2017
Abshire Group,Miller Lite,0,11/2/2017
Lubowitz and Sons,Coronoa Light,6,1/25/2018
Lubowitz and Sons,Icehouse,16,4/3/2018
Lubowitz and Sons,Steel Reserve,32,4/28/2018
Lubowitz and Sons,Blue Moon,50,7/6/2018
Lubowitz and Sons,High Life,13,4/21/2018
Lubowitz and Sons,Natural Light,42,10/28/2017
Lubowitz and Sons,Corona Extra,10,2/26/2018
Lubowitz and Sons,Miller Lite,36,4/2/2018
Lubowitz and Sons,Budweiser,45,8/25/2018
Lubowitz and Sons,Coors Light,17,11/15/2017
Marks Group,Guinness,3,10/4/2018
Marks Group,Mil's Best Ice,0,1/12/2018
Marks Group,Coronoa Light,7,8/7/2018
Marks Group,Icehouse,28,12/18/2017
Marks Group,Steel Reserve,31,2/12/2018
Marks Group,Dos Equis ,23,9/29/2018
Marks Group,Blue Ribbon,15,7/6/2018
Marks Group,Bud Ice,33,1/19/2018
Marks Group,High Life,19,11/4/2017
Marks Group,Natural Light,5,11/4/2017
Marks Group,Modelo Especial,25,10/28/2017
Marks Group,Michelob Ultra,40,3/9/2018
"Hahn, Weber and Nader",Guinness,43,4/1/2018
"Hahn, Weber and Nader",Steel Reserve,47,7/5/2018
"Hahn, Weber and Nader",Dos Equis ,14,1/26/2018
"Hahn, Weber and Nader",Yuengling Lager,7,1/19/2018
"Hahn, Weber and Nader",Busch Light,26,3/6/2018
"Hahn, Weber and Nader",Natural Light,32,3/1/2018
"Hahn, Weber and Nader",Budweiser,25,7/28/2018
O'Kon-Barton,Icehouse,39,10/5/2018
O'Kon-Barton,Coors Banquet,17,2/12/2018
O'Kon-Barton,Blue Moon,38,9/4/2018
O'Kon-Barton,Natural Ice,3,8/25/2018
Schneider-Cartwright,Guinness,23,1/31/2018
Schneider-Cartwright,Corona Extra,4,5/25/2018
Schneider-Cartwright,Miller Lite,10,11/2/2017
Hyatt Inc,Icehouse,41,9/18/2018
"Schmitt, Stracke and Will",Guinness,40,6/13/2018
"Schmitt, Stracke and Will",Mil's Best Ice,17,11/15/2017
"Schmitt, Stracke and Will",Stella Artois,15,9/12/2018
"Schmitt, Stracke and Will",Keystone Light,25,10/16/2018
"Schmitt, Stracke and Will",Modelo Especial,20,2/17/2018
"Schmitt, Stracke and Will",Miller Lite,9,3/16/2018
"Schmitt, Stracke and Will",Budweiser,9,6/27/2018
Haley Group,Guinness,3,12/27/2017
Haley Group,Mil's Best Ice,17,10/28/2017
Haley Group,Natural Ice,15,9/4/2018
Haley Group,Bud Ice,18,3/6/2018
Haley Group,Heineken ,9,6/21/2018
Haley Group,Busch Light,8,4/1/2018
Haley Group,Miller Lite,45,4/26/2018
Jenkins and Sons,Guinness,20,2/26/2018
Jenkins and Sons,Icehouse,41,5/25/2018
Jenkins and Sons,Blue Moon,9,10/4/2018
Jenkins and Sons,Blue Ribbon,50,4/21/2018
Jenkins and Sons,Keystone Light,6,7/13/2018
Jenkins and Sons,Heineken ,44,8/21/2018
Jenkins and Sons,Busch Light,29,11/4/2017
Jenkins and Sons,Miller Lite,41,8/10/2018
Jenkins and Sons,Budweiser,48,9/4/2018
Jenkins and Sons,Coors Light,18,3/6/2018
Schinner LLC,Mil's Best Ice,19,10/5/2018
Schinner LLC,Natural Ice,44,6/4/2018
Schinner LLC,Corona Extra,29,3/31/2018
Hayes Group,Steel Reserve,39,1/26/2018
Hayes Group,Dos Equis ,10,10/28/2017
Hayes Group,Yuengling Lager,2,1/25/2018
Hayes Group,Bud Ice,1,4/28/2018
Hayes Group,High Life,16,2/26/2018
Hayes Group,Busch,6,11/2/2017
Hayes Group,Michelob Ultra,10,12/20/2017
Hayes Group,Miller Lite,0,10/16/2018
Hayes Group,Coors Light,23,4/2/2018
Leuschke Group,Guinness,0,4/17/2018
Leuschke Group,Mil's Best Ice,16,1/19/2018
Leuschke Group,Coronoa Light,2,2/26/2018
Leuschke Group,Dos Equis ,8,1/25/2018
Leuschke Group,Blue Moon,21,6/23/2018
Leuschke Group,Yuengling Lager,40,4/21/2018
Leuschke Group,Natural Ice,24,12/20/2017
Leuschke Group,Blue Ribbon,13,7/5/2018
Leuschke Group,Natural Light,9,7/13/2018
Leuschke Group,Michelob Ultra,49,4/18/2018
Leuschke Group,Corona Extra,31,3/31/2018
Leuschke Group,Budweiser,39,3/9/2018
Klein-Ledner,Coronoa Light,24,8/25/2018
Klein-Ledner,Dos Equis ,24,1/31/2018
Klein-Ledner,Yuengling Lager,19,8/7/2018
Klein-Ledner,Natural Ice,25,3/31/2018
Klein-Ledner,High Life,39,11/2/2017
Klein-Ledner,Natural Light,3,4/2/2018
Klein-Ledner,Modelo Especial,50,2/26/2018
Klein-Ledner,Michelob Ultra,38,12/3/2017
Klein-Ledner,Corona Extra,32,3/6/2018
Klein-Ledner,Miller Lite,23,10/9/2018
"Schroeder, Davis and Leffler",Mil's Best Ice,6,11/22/2017
"Schroeder, Davis and Leffler",Steel Reserve,4,9/5/2018
"Schroeder, Davis and Leffler",Natural Ice,15,10/16/2018
"Schroeder, Davis and Leffler",Bud Ice,37,1/12/2018
"Schroeder, Davis and Leffler",Corona Extra,26,4/21/2018
Schoen LLC,Mil's Best Ice,8,8/10/2018
Schoen LLC,Blue Moon,49,2/12/2018
Schoen LLC,Yuengling Lager,31,1/25/2018
Schoen LLC,Keystone Light,49,12/3/2017
Schoen LLC,Heineken ,22,9/12/2018
Schoen LLC,Busch Light,22,8/15/2018
Schoen LLC,Natural Light,15,10/28/2017
Schoen LLC,Modelo Especial,14,1/12/2018
"Renner, Schuster and Zboncak",Guinness,8,8/7/2018
"Renner, Schuster and Zboncak",Yuengling Lager,1,3/31/2018
"Renner, Schuster and Zboncak",Keystone Light,35,4/10/2018
"Renner, Schuster and Zboncak",Michelob Ultra,34,7/24/2018
"Renner, Schuster and Zboncak",Corona Extra,24,10/4/2018
"Renner, Schuster and Zboncak",Coors Light,33,4/30/2018
Emmerich and Sons,Steel Reserve,21,3/31/2018
Emmerich and Sons,Coors Banquet,41,7/13/2018
Emmerich and Sons,Dos Equis ,17,4/2/2018
Emmerich and Sons,Yuengling Lager,40,8/21/2018
Emmerich and Sons,Natural Ice,8,11/15/2017
Emmerich and Sons,Bud Ice,5,8/25/2018
Emmerich and Sons,Stella Artois,40,1/25/2018
Emmerich and Sons,High Life,49,1/12/2018
Emmerich and Sons,Keystone Light,29,3/16/2018
Emmerich and Sons,Corona Extra,0,5/25/2018
Emmerich and Sons,Miller Lite,7,4/3/2018
Emmerich and Sons,Budweiser,34,3/5/2018
Morar-Harvey,Steel Reserve,45,1/26/2018
Morar-Harvey,Coors Banquet,35,9/17/2018
Morar-Harvey,Dos Equis ,33,6/27/2018
Morar-Harvey,Yuengling Lager,46,4/17/2018
Morar-Harvey,Natural Ice,32,12/27/2017
Morar-Harvey,Bud Ice,0,3/31/2018
Morar-Harvey,High Life,8,1/19/2018
Morar-Harvey,Natural Light,46,6/21/2018
Morar-Harvey,Modelo Especial,25,11/2/2017
Morar-Harvey,Michelob Ultra,42,3/5/2018
Morar-Harvey,Miller Lite,48,2/12/2018
Gleason and Sons,Bud Ice,25,4/17/2018
Gleason and Sons,Natural Light,6,9/14/2018
Green-Roberts,Guinness,41,11/22/2017
Green-Roberts,Mil's Best Ice,29,9/14/2018
Green-Roberts,Coronoa Light,7,11/15/2017
Green-Roberts,Coors Banquet,32,10/28/2017
Green-Roberts,Blue Moon,42,3/9/2018
Green-Roberts,Natural Ice,14,9/5/2018
Green-Roberts,Bud Ice,50,3/5/2018
Green-Roberts,High Life,9,9/17/2018
Green-Roberts,Busch Light,8,4/30/2018
Green-Roberts,Corona Extra,25,6/10/2018
Green-Roberts,Budweiser,10,4/30/2018
Green-Roberts,Coors Light,30,12/8/2017
"Streich, Mosciski and Huel",Steel Reserve,50,8/21/2018
"Streich, Mosciski and Huel",Dos Equis ,41,7/28/2018
"Streich, Mosciski and Huel",Yuengling Lager,32,3/16/2018
"Streich, Mosciski and Huel",Natural Ice,7,4/17/2018
"Streich, Mosciski and Huel",Stella Artois,46,8/10/2018
"Streich, Mosciski and Huel",High Life,17,1/12/2018
"Streich, Mosciski and Huel",Keystone Light,28,6/21/2018
"Streich, Mosciski and Huel",Heineken ,32,4/1/2018
"Streich, Mosciski and Huel",Busch Light,6,7/7/2018
"Streich, Mosciski and Huel",Miller Lite,22,9/17/2018
Friesen Group,Guinness,4,8/29/2018
Friesen Group,Icehouse,19,4/18/2018
Friesen Group,Steel Reserve,19,9/5/2018
Friesen Group,Dos Equis ,26,4/10/2018
Friesen Group,Blue Moon,39,9/5/2018
Friesen Group,Yuengling Lager,26,11/22/2017
Friesen Group,Natural Ice,21,8/25/2018
Friesen Group,High Life,31,1/25/2018
Friesen Group,Heineken ,41,5/25/2018
Friesen Group,Busch,15,7/7/2018
Friesen Group,Busch Light,2,6/23/2018
Friesen Group,Natural Light,31,11/22/2017
Friesen Group,Michelob Ultra,15,11/2/2017
"Fisher, Cassin and Hackett",Icehouse,11,8/15/2018
"Fisher, Cassin and Hackett",Coors Banquet,16,3/20/2018
"Fisher, Cassin and Hackett",Stella Artois,8,7/7/2018
"Fisher, Cassin and Hackett",Keystone Light,37,12/20/2017
"Fisher, Cassin and Hackett",Busch Light,2,10/5/2018
"Fisher, Cassin and Hackett",Modelo Especial,28,3/16/2018
Volkman LLC,Yuengling Lager,23,10/9/2018
Volkman LLC,Bud Ice,27,4/30/2018
Volkman LLC,Stella Artois,25,11/15/2017
Volkman LLC,High Life,7,3/5/2018
Volkman LLC,Natural Light,28,9/4/2018
Pagac-Huels,Guinness,48,10/18/2018
Pagac-Huels,Natural Ice,23,5/25/2018
Pagac-Huels,Bud Ice,34,6/21/2018
Pagac-Huels,High Life,6,2/17/2018
Pagac-Huels,Busch,23,4/12/2018
Pagac-Huels,Budweiser,37,7/5/2018
Pagac-Huels,Coors Light,29,6/25/2018
Robel-Rutherford,Natural Ice,45,1/26/2018
Robel-Rutherford,Busch,49,12/3/2017
"Spencer, Jerde and Predovic",Budweiser,49,4/2/2018
"Fay, Gottlieb and Schuppe",Coors Banquet,9,6/4/2018
"Fay, Gottlieb and Schuppe",Blue Moon,48,10/9/2018
"Fay, Gottlieb and Schuppe",High Life,49,4/26/2018
"Fay, Gottlieb and Schuppe",Heineken ,48,9/5/2018
"Fay, Gottlieb and Schuppe",Busch,22,6/25/2018
"Fay, Gottlieb and Schuppe",Busch Light,44,10/16/2018
"Fay, Gottlieb and Schuppe",Michelob Ultra,48,11/10/2017
"Fay, Gottlieb and Schuppe",Corona Extra,41,11/10/2017
"Fay, Gottlieb and Schuppe",Miller Lite,7,8/21/2018
"Fay, Gottlieb and Schuppe",Coors Light,47,5/25/2018
Langosh Group,Coronoa Light,17,7/6/2018
Langosh Group,Icehouse,49,4/2/2018
Langosh Group,Coors Banquet,37,11/2/2017
Langosh Group,High Life,18,6/13/2018
Langosh Group,Heineken ,23,7/5/2018
Langosh Group,Modelo Especial,15,7/5/2018
Langosh Group,Corona Extra,36,4/21/2018
Langosh Group,Miller Lite,0,4/21/2018
Renner Group,Dos Equis ,41,12/3/2017
Renner Group,Yuengling Lager,45,9/29/2018
Renner Group,Heineken ,6,5/25/2018
Renner Group,Busch Light,39,3/31/2018
Renner Group,Budweiser,38,8/1/2018
"Towne, Nikolaus and Thiel",Mil's Best Ice,12,3/5/2018
"Towne, Nikolaus and Thiel",Coors Banquet,39,3/1/2018
"Towne, Nikolaus and Thiel",Dos Equis ,10,8/29/2018
"Towne, Nikolaus and Thiel",Bud Ice,11,11/30/2017
"Towne, Nikolaus and Thiel",Stella Artois,2,8/21/2018
"Towne, Nikolaus and Thiel",Corona Extra,6,10/13/2018
"Towne, Nikolaus and Thiel",Coors Light,48,12/8/2017
Wyman and Sons,Icehouse,48,10/18/2018
Wyman and Sons,Steel Reserve,40,8/10/2018
Wyman and Sons,Dos Equis ,37,9/18/2018
Wyman and Sons,Yuengling Lager,19,10/16/2018
Wyman and Sons,Blue Ribbon,43,12/3/2017
Wyman and Sons,Stella Artois,11,4/21/2018
Wyman and Sons,High Life,50,11/2/2017
Wyman and Sons,Busch,7,10/16/2018
Wyman and Sons,Modelo Especial,9,6/21/2018
"Cassin, Feil and Schmitt",Mil's Best Ice,40,5/26/2018
"Cassin, Feil and Schmitt",Keystone Light,44,8/25/2018
"Cassin, Feil and Schmitt",Corona Extra,32,12/27/2017
"Cassin, Feil and Schmitt",Coors Light,39,12/18/2017
"Cole, Larson and Weber",Dos Equis ,15,4/12/2018
"Cole, Larson and Weber",Blue Moon,39,12/20/2017
"Cole, Larson and Weber",High Life,42,9/5/2018
"Cole, Larson and Weber",Heineken ,18,3/31/2018
"Cole, Larson and Weber",Corona Extra,50,1/25/2018
Cronin and Sons,Icehouse,38,3/5/2018
Cronin and Sons,Blue Moon,16,2/26/2018
Cronin and Sons,Natural Light,29,7/6/2018
Cronin and Sons,Budweiser,9,10/9/2018
Pouros-Rohan,Guinness,28,3/1/2018
Pouros-Rohan,Blue Moon,15,11/10/2017
Pouros-Rohan,Michelob Ultra,18,7/7/2018
Romaguera-Rau,Mil's Best Ice,6,8/7/2018
Romaguera-Rau,Coronoa Light,38,8/25/2018
Romaguera-Rau,Coors Banquet,2,9/29/2018
Romaguera-Rau,Blue Moon,42,9/5/2018
Romaguera-Rau,High Life,48,1/19/2018
Romaguera-Rau,Keystone Light,24,11/10/2017
Romaguera-Rau,Heineken ,41,7/28/2018
Romaguera-Rau,Busch,10,8/29/2018
Romaguera-Rau,Modelo Especial,49,10/12/2018
Romaguera-Rau,Michelob Ultra,36,10/9/2018
"Keeling, Okuneva and Rippin",Mil's Best Ice,44,10/13/2018
"Keeling, Okuneva and Rippin",Steel Reserve,18,8/29/2018
"Keeling, Okuneva and Rippin",Dos Equis ,17,2/7/2018
"Keeling, Okuneva and Rippin",Natural Ice,27,8/25/2018
"Keeling, Okuneva and Rippin",Blue Ribbon,45,9/17/2018
"Keeling, Okuneva and Rippin",Bud Ice,50,2/17/2018
"Keeling, Okuneva and Rippin",Busch,31,7/6/2018
"Keeling, Okuneva and Rippin",Natural Light,22,4/10/2018
"Keeling, Okuneva and Rippin",Coors Light,4,4/28/2018
Rutherford LLC,Guinness,33,9/22/2018
Rutherford LLC,Coronoa Light,37,4/17/2018
Rutherford LLC,Yuengling Lager,49,3/16/2018
Rutherford LLC,High Life,7,9/14/2018
Rutherford LLC,Michelob Ultra,4,12/18/2017
Rutherford LLC,Corona Extra,38,2/17/2018
Bailey Inc,Dos Equis ,9,3/9/2018
Bailey Inc,Corona Extra,6,8/29/2018
"Heller, Ortiz and Kovacek",Natural Ice,42,4/12/2018
"Heller, Ortiz and Kovacek",Stella Artois,12,2/26/2018
"Heller, Ortiz and Kovacek",Heineken ,25,4/30/2018
Walsh and Sons,Mil's Best Ice,32,10/9/2018
Walsh and Sons,Coronoa Light,10,6/21/2018
Walsh and Sons,Icehouse,28,4/21/2018
Walsh and Sons,Steel Reserve,20,4/26/2018
Walsh and Sons,Coors Banquet,13,1/31/2018
Walsh and Sons,Dos Equis ,39,11/10/2017
Walsh and Sons,Blue Moon,38,8/25/2018
Walsh and Sons,Natural Ice,9,11/21/2017
Walsh and Sons,Michelob Ultra,11,3/6/2018
Walsh and Sons,Corona Extra,31,8/21/2018
Metz-Kozey,Bud Ice,22,7/24/2018
Metz-Kozey,Coors Light,0,7/5/2018
Batz Group,Blue Ribbon,29,9/18/2018
