0,1
Herve,Bud Ice
Herve,Coors Banquet
Herve,Corona Extra
Herve,Michelob Ultra
Herve,Mil's Best Ice
Herve,Pepsi
Herve,Coke
Herve,Chicken Fajita
Herve,Hamburger
Salome,Stella Artois
Salome,Miller Lite
Salome,Guinness
Salome,Busch Light
Salome,Dos Equis 
Salome,Fajita 
Salome,Cajun Fries
Salome,Chips and Salsa
Ophelie,Natural Light
Ophelie,Yuengling Lager
Ophelie,Bagel and Lox
Basil,Yuengling Lager
Basil,High Life
Basil,Root Beer
Basil,Fanta (Orange)
Basil,Bagel and Lox
Basil,Chicken Fajita
Jorey,Drop Biscuits 
Jorey,Clam Chowder
Maxine,Natural Light
Maxine,Busch
Maxine,Budweiser
Maxine,Coors Light
Maxine,Cream Soda
Maxine,Sprite
Maxine,Bean Burger
Maxine,Hominy Grits
Simon,Dos Equis 
Simon,Guinness
Simon,Stella Artois
Simon,Coke
Simon,Cream Soda
Simon,Deep Dish Pizza (Slice)
Simon,Hamburger
Simon,Clam Chowder
Abran,Miller Lite
Abran,Bud Ice
Abran,Blue Ribbon
Abran,Mil's Best Ice
Abran,Coronoa Light
Abran,Pink Lemonade
Abran,Chips and Salsa
Abran,Drop Biscuits 
Abran,Fajita 
Missie,Coors Light
Missie,Heineken 
Missie,Pink Lemonade
Missie,Root Beer
Missie,Fanta (Orange)
Missie,French Fries
Missie,Clam Chowder
Druci,Modelo Especial
Druci,Dos Equis 
Druci,Michelob Ultra
Druci,Mountain Dew
Olenka,Mil's Best Ice
Olenka,Steel Reserve
Olenka,Blue Ribbon
Olenka,Coors Light
Olenka,Fanta (Grape)
Olenka,Fanta (Orange)
Olenka,Clam Chowder
Olenka,Fajita 
Olenka,Hamburger
Benjamen,Heineken 
Benjamen,Coors Light
Benjamen,High Life
Benjamen,Mil's Best Ice
Benjamen,Bud Ice
Benjamen,Cream Soda
Benjamen,Mountain Dew
Benjamen,Hominy Grits
Hanson,Corona Extra
Hanson,Guinness
Hanson,Natural Ice
Hanson,Keystone Light
Hanson,Dr. Pepper
Hanson,Bean Burger
Nanni,Pepsi
Nanni,Dr. Pepper
Nanni,Pink Lemonade
Nanni,Mozzarella Sticks
Nanni,Cajun Fries
Pepi,Chicken Fajita
Lani,Keystone Light
Lani,Corona Extra
Lani,Dos Equis 
Lani,Bud Ice
Lani,Stella Artois
Lani,Bagel and Lox
Lani,Fajita 
Georgiana,Keystone Light
Georgiana,Pink Lemonade
Georgiana,Turkey Sandwich 
Georgiana,Tacos 
Melony,Dos Equis 
Melony,Natural Ice
Melony,Fanta (Orange)
Melony,Pepsi
Melony,Mountain Dew
Melony,Drop Biscuits 
Melony,French Fries
Melony,Texas BBQ
Merrill,Natural Light
Merrill,Budweiser
Merrill,Fanta (Orange)
Merrill,Pepsi
Merrill,Hamburger
Virginie,Keystone Light
Virginie,Natural Ice
Virginie,Onion Rings
Virginie,Chicken Burger
Virginie,Hamburger
Virginie,Apple Pie
Theo,Guinness
Theo,Natural Ice
Theo,Busch Light
Theo,Fanta (Orange)
Theo,Cream Soda
Marian,Bud Light
Marian,Blue Moon
Marian,Bud Ice
Marian,Bagel and Lox
Marian,Cajun Fries
Tatiana,Busch Light
Tatiana,Modelo Especial
Tatiana,Texas BBQ
Tatiana,Deep Dish Pizza Pie
Tatiana,Onion Rings
Sollie,Corona Extra
Sollie,Mil's Best Ice
Sollie,Modelo Especial
Sollie,Bud Light
Orson,Icehouse
Orson,Pink Lemonade
Orson,Chicken Fajita
Constantino,Coors Light
Constantino,Corona Extra
Constantino,Fanta (Grape)
Constantino,Pink Lemonade
Constantino,Coke
Constantino,Chicken Fajita
Constantino,Bean Burger
Emmalee,Coors Light
Emmalee,Yuengling Lager
Emmalee,Steel Reserve
Emmalee,Clam Chowder
Emmalee,Cajun Fries
Emmalee,Chicken Burger
Bryana,Cream Soda
Bryana,Clam Chowder
Bryana,Hominy Grits
Bryana,Chicken Fajita
Philip,Modelo Especial
Philip,Corona Extra
Philip,Michelob Ultra
Philip,Coors Banquet
Philip,Cream Soda
Philip,Fanta (Orange)
Ibby,Bud Light
Jorge,Coors Light
Jorge,Mil's Best Ice
Jorge,Busch
Jorge,Fanta (Grape)
Jorge,Hominy Grits
Jorge,Mozzarella Sticks
Garv,Blue Ribbon
Garv,Miller Lite
Garv,Michelob Ultra
Garv,Dos Equis 
Garv,Coke
Garv,Cream Soda
Garv,Sprite
Garv,Turkey Sandwich 
Garv,Deep Dish Pizza (Slice)
Antonius,Mil's Best Ice
Antonius,Blue Ribbon
Antonius,Steel Reserve
Antonius,Fanta (Orange)
Antonius,Apple Pie
Even,Fanta (Orange)
Even,Mountain Dew
Even,Pepsi
Brendis,Mountain Dew
Brendis,Turkey Sandwich 
Paulita,Bud Ice
Paulita,Dos Equis 
Paulita,Root Beer
Paulita,Hamburger
Ulrick,Busch Light
Ulrick,Natural Light
Ulrick,Sprite
Ulrick,Pepsi
Ulrick,Chips and Salsa
Piotr,Natural Ice
Piotr,Coronoa Light
Piotr,Yuengling Lager
Piotr,Michelob Ultra
Piotr,Hominy Grits
Calida,Corona Extra
Calida,Guinness
Calida,Michelob Ultra
Calida,Coronoa Light
Calida,Fanta (Orange)
Calida,Pink Lemonade
Calida,Pepsi
Calida,Cajun Fries
Calida,Chips and Salsa
Calida,Drop Biscuits 
Ciel,Icehouse
Ciel,Dr. Pepper
Ciel,Sprite
Ciel,Cream Soda
Bertrando,Icehouse
Bertrando,Heineken 
Bertrando,Busch
Bertrando,Natural Ice
Bertrando,Busch Light
Bertrando,Cream Soda
Bertrando,Chips and Salsa
Anette,Coors Light
Anette,Natural Ice
Anette,Natural Light
Anette,Pepsi
Anette,Mountain Dew
Anette,Hominy Grits
Anette,Bean Burger
Anette,Tacos 
Arluene,Guinness
Arluene,Mountain Dew
Arluene,Sprite
Arluene,Cream Soda
Arluene,Deep Dish Pizza Pie
Arluene,Hominy Grits
Homer,Root Beer
Homer,Mountain Dew
Homer,Fajita 
Homer,Texas BBQ
Homer,Hamburger
Bebe,Natural Light
Bebe,Pink Lemonade
Bebe,Sprite
Bebe,Fanta (Orange)
Monika,Modelo Especial
Monika,Heineken 
Beaufort,Natural Light
Beaufort,Bean Burger
Beaufort,Hamburger
Donalt,Natural Ice
Donalt,Budweiser
Donalt,Heineken 
Donalt,Bud Ice
Donalt,Keystone Light
Donalt,Fanta (Grape)
Donalt,Pepsi
Angus,Natural Light
Angus,Bud Light
Angus,Onion Rings
Angus,Turkey Sandwich 
Rasla,Mountain Dew
Lynn,High Life
Lynn,Miller Lite
Lynn,Dos Equis 
Lynn,French Fries
Lynn,Deep Dish Pizza (Slice)
Merwyn,Modelo Especial
Merwyn,Pepsi
Merwyn,Coke
Merwyn,Chicken Fajita
Merwyn,Drop Biscuits 
Merwyn,Hamburger
Ellwood,Keystone Light
Ellwood,Coronoa Light
Ellwood,Mil's Best Ice
Ellwood,Icehouse
Ellwood,Dos Equis 
Ellwood,Mountain Dew
Ellwood,Pepsi
Ellwood,Deep Dish Pizza (Slice)
Ellwood,Hamburger
Ellwood,Drop Biscuits 
Greer,Sprite
Greer,Fanta (Orange)
Greer,Root Beer
Greer,Clam Chowder
Morty,Keystone Light
Morty,Busch Light
Morty,Heineken 
Morty,Mountain Dew
Morty,Root Beer
Morty,Hamburger
Morty,Deep Dish Pizza (Slice)
Morty,Clam Chowder
Vanni,Stella Artois
Vanni,Guinness
Vanni,Steel Reserve
Vanni,Pink Lemonade
Vanni,Sprite
Vanni,Turkey Sandwich 
Benjamen,Sprite
Benjamen,Bean Burger
Debi,Heineken 
Debi,Blue Ribbon
Debi,Bud Light
Debi,Dr. Pepper
Debi,Cream Soda
Debi,Sprite
Debi,French Fries
Debi,Tacos 
Debi,Deep Dish Pizza Pie
Debi,Cajun Fries
Loutitia,Natural Light
Loutitia,Modelo Especial
Loutitia,Steel Reserve
Loutitia,Budweiser
Loutitia,Pink Lemonade
Loutitia,Texas BBQ
Loutitia,Chicken Fajita
Velma,Blue Ribbon
Velma,Apple Pie
Velma,Bagel and Lox
Velma,Onion Rings
Aguste,Dr. Pepper
Aguste,Root Beer
Aguste,Fanta (Grape)
Aguste,Onion Rings
Aguste,Turkey Sandwich 
Carlene,Miller Lite
Carlene,Bud Ice
Carlene,Keystone Light
Carlene,Yuengling Lager
Carlene,Fanta (Grape)
Carlene,Dr. Pepper
Carlene,Pepsi
Lionello,Coke
Lionello,Root Beer
Lionello,Dr. Pepper
Mathian,Miller Lite
Mathian,Steel Reserve
Mathian,Pepsi
Mathian,Sprite
Mathian,Fanta (Orange)
Maris,Pink Lemonade
Maris,Clam Chowder
Maris,Fajita 
Maris,Drop Biscuits 
Evey,Budweiser
Evey,Icehouse
Evey,Steel Reserve
Evey,Pink Lemonade
Evey,Deep Dish Pizza (Slice)
Salomon,Miller Lite
Salomon,Busch Light
Salomon,Steel Reserve
Salomon,Natural Ice
Salomon,Coke
Salomon,Root Beer
Salomon,Sprite
Renae,Bud Light
Rich,Fanta (Orange)
Rich,Mozzarella Sticks
Rich,Hominy Grits
Rich,Chips and Salsa
Dari,Mountain Dew
Dari,Sprite
Bail,Corona Extra
Bail,Fanta (Grape)
Bail,Root Beer
Bail,Chicken Fajita
Chip,Mountain Dew
Chip,Pink Lemonade
Chip,Onion Rings
Chip,Clam Chowder
Chip,Deep Dish Pizza (Slice)
Chip,Chips and Salsa
Norma,Miller Lite
Norma,Blue Ribbon
Norma,Stella Artois
Norma,Corona Extra
Norma,Fanta (Grape)
Norma,Coke
Norma,Pink Lemonade
Norma,Chips and Salsa
Nanny,Busch Light
Nanny,Yuengling Lager
Nanny,Keystone Light
Nanny,Blue Moon
Nanny,Coors Light
Nanny,Sprite
Nanny,Cream Soda
Nanny,Fanta (Grape)
Nanny,French Fries
Nanny,Turkey Sandwich 
Blanche,Bud Ice
Blanche,Guinness
Blanche,Bud Light
Blanche,Blue Ribbon
Blanche,Coors Banquet
Blanche,Deep Dish Pizza (Slice)
Yehudit,High Life
Yehudit,Heineken 
Yehudit,Busch Light
Yehudit,Yuengling Lager
Yehudit,Cream Soda
Yehudit,Fanta (Grape)
Yehudit,Deep Dish Pizza Pie
Hodge,Steel Reserve
Hodge,Blue Moon
Hodge,Pink Lemonade
Vasilis,Coors Light
Vasilis,Yuengling Lager
Vasilis,Bud Light
Vasilis,Mountain Dew
Vasilis,Pink Lemonade
Boote,Bud Light
Boote,Natural Light
Boote,Bud Ice
Boote,Coors Banquet
Boote,Fanta (Grape)
Boote,Coke
Boote,Sprite
Boote,Chicken Burger
Boote,Apple Pie
Boote,Mozzarella Sticks
Nolly,Michelob Ultra
Nolly,Keystone Light
Nolly,Pepsi
Nolly,Coke
Nolly,Onion Rings
Nolly,Mozzarella Sticks
Jennifer,Blue Moon
Jennifer,Corona Extra
Jennifer,Michelob Ultra
Jennifer,Mil's Best Ice
Jennifer,Yuengling Lager
Jennifer,Root Beer
Jennifer,Pink Lemonade
Jennifer,Clam Chowder
Jennifer,Mozzarella Sticks
Jennifer,Cajun Fries
Thekla,Heineken 
Thekla,Stella Artois
Thekla,Natural Ice
Thekla,Pepsi
Thekla,Fanta (Orange)
Thekla,Mountain Dew
Amelie,Hamburger
Amelie,Deep Dish Pizza Pie
Amelie,Fajita 
Isabel,High Life
Isabel,Yuengling Lager
Isabel,Michelob Ultra
Isabel,Blue Ribbon
Isabel,Coke
Isabel,Dr. Pepper
Isabel,Tacos 
Elayne,Bud Light
Elayne,Steel Reserve
Elayne,Stella Artois
Elayne,Budweiser
Elayne,Coors Light
Elayne,Fanta (Grape)
Elayne,Mozzarella Sticks
Julienne,Modelo Especial
Julienne,Coke
Julienne,Bean Burger
Julienne,Turkey Sandwich 
Carmella,Blue Moon
Carmella,Heineken 
Carmella,Bud Light
Carmella,Modelo Especial
Carmella,Mozzarella Sticks
Lorrin,Miller Lite
Lorrin,Yuengling Lager
Lorrin,Modelo Especial
Lorrin,Keystone Light
Lorrin,Dr. Pepper
Billie,Yuengling Lager
Billie,Busch Light
Billie,Bud Ice
Billie,Stella Artois
Billie,Fanta (Orange)
Borg,Yuengling Lager
Borg,Stella Artois
Borg,Blue Moon
Brod,Root Beer
Brod,Pepsi
Brod,Deep Dish Pizza (Slice)
Brod,Bagel and Lox
Brod,Onion Rings
Aurore,Stella Artois
Aurore,Dr. Pepper
Aurore,Fanta (Orange)
Aurore,Cajun Fries
Aurore,Chips and Salsa
Aurore,Bagel and Lox
Aurore,Drop Biscuits 
Osbourne,Root Beer
Osbourne,Pink Lemonade
Osbourne,Fanta (Orange)
Gwenore,Guinness
Gwenore,Icehouse
Gwenore,Stella Artois
Gwenore,Coors Banquet
Gwenore,Budweiser
Gwenore,Coke
Gwenore,French Fries
Gwenore,Texas BBQ
Jefferson,Mil's Best Ice
Jefferson,Natural Light
Jefferson,Fanta (Orange)
Jefferson,Fanta (Grape)
Jefferson,Root Beer
Jefferson,Texas BBQ
Jefferson,Drop Biscuits 
Jefferson,Deep Dish Pizza Pie
Jefferson,Mozzarella Sticks
Ketti,Mil's Best Ice
Ketti,Bud Ice
Ketti,Busch
Ketti,Bud Light
Ketti,Deep Dish Pizza Pie
Ketti,Tacos 
Ketti,Hominy Grits
Dolorita,Keystone Light
Dolorita,Mil's Best Ice
Dolorita,Heineken 
Dolorita,High Life
Dolorita,Coors Light
Dolorita,Dr. Pepper
Patrice,High Life
Patrice,Icehouse
Patrice,Busch
Patrice,Texas BBQ
Karlotta,Coronoa Light
Karlotta,Blue Moon
Karlotta,Pepsi
Karlotta,Clam Chowder
Eryn,Michelob Ultra
Eryn,Coors Banquet
Eryn,Stella Artois
Eryn,Dr. Pepper
Eryn,Cream Soda
Eryn,Coke
Eryn,Onion Rings
Eryn,Bagel and Lox
Cleveland,Bud Light
Cleveland,Fanta (Orange)
Cleveland,Mountain Dew
Cleveland,Pink Lemonade
Cleveland,Hamburger
Cleveland,Turkey Sandwich 
Cleveland,Fajita 
Linda,Heineken 
Linda,Bud Ice
Linda,Corona Extra
Linda,Sprite
Linus,Corona Extra
Linus,Hamburger
Linus,Clam Chowder
Linus,French Fries
Ted,Icehouse
Ted,Dos Equis 
Ted,Busch Light
Ted,French Fries
Ted,Clam Chowder
Andonis,Busch
Andonis,Mil's Best Ice
Andonis,Busch Light
Alick,Stella Artois
Alick,Steel Reserve
Alick,Deep Dish Pizza Pie
Alick,Bagel and Lox
Alick,Hamburger
Cyndi,Yuengling Lager
Cyndi,Pink Lemonade
Cyndi,Texas BBQ
Cyndi,Onion Rings
Leonelle,Corona Extra
Leonelle,Modelo Especial
Leonelle,Coors Light
Leonelle,Root Beer
Leonelle,Bean Burger
Leonelle,Hamburger
Leonelle,Hominy Grits
Bordy,Cream Soda
Bordy,Sprite
Bordy,Texas BBQ
Bordy,Onion Rings
Konstanze,Root Beer
Konstanze,Fanta (Orange)
Konstanze,Fajita 
Adrien,Coronoa Light
Adrien,Dr. Pepper
Adrien,Fanta (Orange)
Adrien,Pepsi
Adrien,Texas BBQ
Adrien,Drop Biscuits 
Ashley,Bud Light
Ashley,Busch Light
Ashley,High Life
Ashley,Dr. Pepper
Ashley,Onion Rings
Ashley,Bagel and Lox
Ashley,Hominy Grits
Ashley,Drop Biscuits 
Filippo,Fanta (Grape)
Filippo,Mountain Dew
Filippo,Chicken Fajita
Filippo,Chips and Salsa
Richie,Steel Reserve
Richie,Blue Ribbon
Richie,Natural Ice
Richie,French Fries
Richie,Drop Biscuits 
Richie,Onion Rings
Booth,Bud Light
Booth,Blue Moon
Booth,Guinness
Booth,Dos Equis 
Booth,Pink Lemonade
Booth,Dr. Pepper
Booth,Sprite
Booth,Hamburger
Jackqueline,Yuengling Lager
Jackqueline,Busch Light
Jackqueline,Natural Light
Jackqueline,Heineken 
Jackqueline,Deep Dish Pizza Pie
Jackqueline,Bean Burger
Jackqueline,Tacos 
Wilhelmine,Busch
Wilhelmine,Coors Light
Wilhelmine,Blue Moon
Wilhelmine,Corona Extra
Wilhelmine,Fanta (Grape)
Wilhelmine,Chicken Burger
Devy,Sprite
Devy,Cream Soda
Devy,Fanta (Grape)
Devy,Drop Biscuits 
Portie,Fanta (Grape)
Portie,Sprite
Portie,Clam Chowder
Miles,Dos Equis 
Miles,Coors Light
Miles,Stella Artois
Miles,Busch Light
Miles,Cream Soda
Miles,Tacos 
Essa,Bud Ice
Essa,Yuengling Lager
Essa,Heineken 
Essa,Fanta (Grape)
Essa,Fanta (Orange)
Essa,Deep Dish Pizza Pie
Maxie,Fanta (Grape)
Maxie,Pink Lemonade
Maxie,Drop Biscuits 
Maxie,French Fries
Maxie,Tacos 
Onfroi,High Life
Onfroi,Coors Light
Onfroi,Budweiser
Onfroi,Natural Ice
Kerr,Natural Ice
Kerr,Busch Light
Kerr,Michelob Ultra
Kerr,Dos Equis 
Kerr,Texas BBQ
Aldon,Dos Equis 
Aldon,Miller Lite
Aldon,Texas BBQ
Anthe,Bud Light
Anthe,Natural Ice
Anthe,Coors Light
Anthe,Budweiser
Anthe,Pepsi
Anthe,Mountain Dew
Anthe,Fajita 
Anthe,Deep Dish Pizza (Slice)
Anthe,Cajun Fries
Cordelia,Michelob Ultra
Cordelia,Stella Artois
Cordelia,Blue Moon
Cordelia,Modelo Especial
Cordelia,Natural Ice
Cordelia,Cream Soda
Cordelia,Fanta (Orange)
Cordelia,Fajita 
Cordelia,Deep Dish Pizza Pie
Cordelia,Bagel and Lox
Cordelia,Tacos 
Millisent,Blue Ribbon
Millisent,Coke
Millisent,Chicken Burger
Millisent,Chicken Fajita
Millisent,Tacos 
Millisent,Turkey Sandwich 
Tanhya,Blue Moon
Tanhya,Natural Ice
Tanhya,Pink Lemonade
Tanhya,Texas BBQ
Tanhya,Turkey Sandwich 
Tanhya,Deep Dish Pizza Pie
Chaddy,Dos Equis 
Chaddy,Natural Ice
Chaddy,Blue Moon
Chaddy,Cream Soda
Chaddy,Sprite
Chaddy,French Fries
Chaddy,Hominy Grits
Irma,Deep Dish Pizza (Slice)
Irma,Bean Burger
Nanice,Corona Extra
Nanice,Turkey Sandwich 
Nanice,Bagel and Lox
Nanice,Clam Chowder
Nanice,Hamburger
Barbee,Keystone Light
Barbee,Bud Light
Barbee,Heineken 
Barbee,Pink Lemonade
Barbee,Tacos 
Barbee,Deep Dish Pizza Pie
Sena,Onion Rings
Sena,French Fries
Sena,Bagel and Lox
Sena,Tacos 
Clemens,Busch Light
Clemens,Blue Moon
Clemens,Bud Light
Clemens,Natural Light
Clemens,Cream Soda
Clemens,Fanta (Orange)
Clemens,Bean Burger
Clemens,French Fries
Clemens,Cajun Fries
Silvano,Busch
Silvano,Turkey Sandwich 
Cammie,Yuengling Lager
Cammie,Bud Light
Cammie,Hamburger
Patricia,Hominy Grits
Patricia,Texas BBQ
Patricia,Onion Rings
Patricia,Hamburger
Molly,Mil's Best Ice
Molly,Modelo Especial
Molly,Bud Ice
Molly,High Life
Molly,Mountain Dew
Molly,Fanta (Orange)
Molly,Cream Soda
Molly,Bagel and Lox
Molly,Bean Burger
Molly,Clam Chowder
Valma,Heineken 
Valma,Natural Ice
Valma,Modelo Especial
Valma,Bud Ice
Valma,Blue Ribbon
Valma,Coke
Valma,Mountain Dew
Valma,Dr. Pepper
Valma,Cajun Fries
Jeramey,High Life
Jeramey,Bud Light
Jeramey,Busch
Jeramey,Mil's Best Ice
Jeramey,Cream Soda
Jeramey,Pepsi
Jeramey,Fanta (Grape)
Jeramey,Chips and Salsa
Jeramey,Deep Dish Pizza Pie
Jeramey,Onion Rings
Kath,Bud Ice
Kath,Corona Extra
Kath,Modelo Especial
Kath,Natural Ice
Kath,Root Beer
Kath,Chicken Burger
Kath,Hamburger
Kath,Onion Rings
Micah,Natural Ice
Micah,Busch
Micah,Budweiser
Micah,Bud Ice
Micah,Mountain Dew
Micah,Dr. Pepper
Micah,Clam Chowder
Micah,Bean Burger
Coralyn,Chips and Salsa
Coralyn,Clam Chowder
Coralyn,Chicken Burger
Bryce,High Life
Bryce,Busch
Bryce,Michelob Ultra
Bryce,Pink Lemonade
Bryce,Sprite
Bryce,Mountain Dew
Bryce,Onion Rings
Bryce,Apple Pie
Bryce,French Fries
Bryce,Hamburger
Edgardo,Fanta (Grape)
Edgardo,Pepsi
Edgardo,Coke
Edgardo,Texas BBQ
Edgardo,Hominy Grits
Edgardo,Mozzarella Sticks
Edgardo,Onion Rings
Gaynor,Budweiser
Gaynor,Miller Lite
Gaynor,Dos Equis 
Gaynor,Bud Light
Gaynor,Texas BBQ
Gaynor,Tacos 
Gaynor,Chicken Burger
Dottie,Dos Equis 
Dara,Guinness
Dara,Dr. Pepper
Dara,Chicken Fajita
Dara,Bagel and Lox
Dara,Hamburger
Bank,Budweiser
Bank,Busch
Bank,Michelob Ultra
Bank,Modelo Especial
Bank,Coke
Bank,Chicken Burger
Bank,Bean Burger
Bank,Onion Rings
Trefor,Coors Light
Trefor,Bean Burger
Trefor,Apple Pie
Trefor,Cajun Fries
Trefor,Clam Chowder
Kerstin,Natural Light
Kerstin,Coors Banquet
Kerstin,Budweiser
Kerstin,Dos Equis 
Kerstin,Miller Lite
Kerstin,Turkey Sandwich 
Kerstin,Bagel and Lox
Kerstin,Chips and Salsa
Kerstin,Onion Rings
Jenn,Blue Moon
Jenn,Coors Light
Jenn,Busch Light
Jenn,Mountain Dew
Jenn,Pepsi
Jenn,Fanta (Grape)
Karlee,Coors Banquet
Karlee,Dos Equis 
Karlee,Bud Ice
Karlee,Fanta (Orange)
Karlee,Cream Soda
Karlee,Fanta (Grape)
Karlee,Onion Rings
Karlee,Cajun Fries
Karlee,Apple Pie
Kat,Natural Ice
Kat,Keystone Light
Kat,Texas BBQ
Kat,Cajun Fries
Kat,Bagel and Lox
Kat,Tacos 
Barby,Michelob Ultra
Barby,Mil's Best Ice
Barby,Chicken Burger
Jackie,Blue Moon
Jackie,Stella Artois
Jackie,Coors Banquet
Jackie,Coors Light
Jackie,Steel Reserve
Rand,Coors Light
Rand,Heineken 
Rand,Guinness
Rand,Mountain Dew
Chuck,Pepsi
Chuck,Sprite
Chuck,Bean Burger
Chuck,Turkey Sandwich 
Chuck,Hominy Grits
Chuck,Bagel and Lox
Robyn,Steel Reserve
Robyn,Budweiser
Robyn,Stella Artois
Robyn,Pink Lemonade
Robyn,Deep Dish Pizza Pie
Robyn,Deep Dish Pizza (Slice)
Robyn,Onion Rings
Robyn,Bean Burger
Valery,Mil's Best Ice
Valery,Bud Ice
Valery,Steel Reserve
Valery,Michelob Ultra
Valery,Busch Light
Valery,Fanta (Grape)
Valery,Sprite
Valery,Hamburger
Mitzi,Modelo Especial
Mitzi,Busch
Mitzi,Icehouse
Mitzi,Heineken 
Mitzi,Natural Ice
Mitzi,Cream Soda
Mitzi,Dr. Pepper
Adria,Mil's Best Ice
Adria,Keystone Light
Adria,Fajita 
Adria,Deep Dish Pizza Pie
Griffy,Budweiser
Griffy,Miller Lite
Griffy,Bud Ice
Griffy,Steel Reserve
Griffy,Dr. Pepper
Griffy,Pink Lemonade
Griffy,Chicken Fajita
Griffy,Bagel and Lox
Griffy,Chips and Salsa
Griffy,Fajita 
Nicol,Busch Light
Nicol,Fajita 
Jolee,Coors Banquet
Jolee,Mountain Dew
Dede,Icehouse
Dede,Natural Light
Dede,Busch Light
Dede,Guinness
Dede,Sprite
Dede,Fanta (Orange)
Dede,Cajun Fries
Dede,Hominy Grits
Celestine,Keystone Light
Celestine,Yuengling Lager
Celestine,Icehouse
Celestine,High Life
Celestine,Dos Equis 
Celestine,Bagel and Lox
Celestine,Hominy Grits
Celestine,Drop Biscuits 
Pepito,Stella Artois
Pepito,Blue Moon
Pepito,Steel Reserve
Pepito,Pink Lemonade
Pepito,Tacos 
Pepito,Deep Dish Pizza Pie
Pepito,Cajun Fries
Lindsy,Keystone Light
Lindsy,Mountain Dew
Darrick,Yuengling Lager
Darrick,Coors Light
Darrick,Busch
Darrick,Natural Light
Darrick,Sprite
Darrick,Mozzarella Sticks
Darrick,Onion Rings
Kailey,Coors Light
Kailey,Root Beer
Kailey,Onion Rings
Kailey,Clam Chowder
Kailey,Bagel and Lox
Kailey,Texas BBQ
Shurlocke,Dos Equis 
Shurlocke,Mil's Best Ice
Shurlocke,Yuengling Lager
Shurlocke,Budweiser
Shurlocke,Fanta (Orange)
Shurlocke,Root Beer
Shurlocke,Hominy Grits
Shurlocke,Bagel and Lox
Elsa,Blue Ribbon
Elsa,Root Beer
Elsa,Bagel and Lox
Elsa,Mozzarella Sticks
Emilee,High Life
Emilee,Busch
Emilee,Dr. Pepper
Emilee,Fajita 
Emilee,Texas BBQ
Emilee,Chicken Fajita
Peggi,Heineken 
Peggi,Busch
Peggi,High Life
Peggi,Root Beer
Peggi,Sprite
Peggi,Pink Lemonade
Peggi,Hominy Grits
Ase,Modelo Especial
Ase,Fanta (Orange)
Ase,Pepsi
Bettye,Yuengling Lager
Bettye,Coors Light
Bettye,Michelob Ultra
Bettye,Heineken 
Bettye,Hominy Grits
Sybille,Steel Reserve
Sybille,Corona Extra
Sybille,Bagel and Lox
Sybille,Turkey Sandwich 
Sybille,Drop Biscuits 
Sybille,Onion Rings
Ronny,Steel Reserve
Ronny,Coors Light
Ronny,Icehouse
Ronny,Deep Dish Pizza (Slice)
Ronny,Tacos 
Ronny,Clam Chowder
Karlen,Keystone Light
Karlen,High Life
Karlen,Michelob Ultra
Karlen,Fanta (Grape)
Karlen,Dr. Pepper
Karlen,Drop Biscuits 
Isahella,Stella Artois
Isahella,Yuengling Lager
Isahella,Miller Lite
Isahella,Deep Dish Pizza Pie
Keane,Michelob Ultra
Keane,Coors Light
Keane,Busch
Keane,Mountain Dew
Keane,Cream Soda
Keane,Fanta (Orange)
Keane,Texas BBQ
Ruthanne,Bud Ice
Ruthanne,Mil's Best Ice
Ruthanne,Corona Extra
Ruthanne,Coke
Ruthanne,Sprite
Ruthanne,Dr. Pepper
Ruthanne,Chips and Salsa
Ruthanne,Texas BBQ
Ruthanne,Hamburger
Tess,Keystone Light
Tess,Guinness
Tess,Mil's Best Ice
Tess,Sprite
Berry,Natural Light
Berry,Keystone Light
Berry,High Life
Berry,Fanta (Orange)
Berry,Mountain Dew
Berry,Bean Burger
Berry,Chips and Salsa
Berry,Hominy Grits
Evangelin,Coors Light
Evangelin,Guinness
Evangelin,Coronoa Light
Evangelin,Coors Banquet
Evangelin,Fanta (Orange)
Evangelin,Chips and Salsa
Evangelin,French Fries
Evangelin,Hamburger
Erwin,Miller Lite
Erwin,Corona Extra
Erwin,Mil's Best Ice
Bary,Corona Extra
Bary,Stella Artois
Bary,Natural Ice
Bary,Pink Lemonade
Bary,Coke
Bary,Hamburger
Bary,Apple Pie
Bary,Tacos 
Bary,Mozzarella Sticks
Margaretha,Fanta (Grape)
Margaretha,Hamburger
Margaretha,Bagel and Lox
Margaretha,Drop Biscuits 
Margaretha,Deep Dish Pizza Pie
Valenka,Mil's Best Ice
Valenka,Sprite
Dyane,Coors Light
Dyane,Mil's Best Ice
Dyane,Mountain Dew
Dyane,Sprite
Vincents,Corona Extra
Vincents,Busch Light
Vincents,Mil's Best Ice
Vincents,Blue Ribbon
Vincents,Yuengling Lager
Vincents,Root Beer
Stan,Dos Equis 
Stan,Budweiser
Stan,Sprite
Stan,Hamburger
Stan,Hominy Grits
Stan,Chips and Salsa
Stan,Apple Pie
Bondie,Busch
Bondie,Pink Lemonade
Bondie,Drop Biscuits 
Bondie,Deep Dish Pizza (Slice)
Bondie,Texas BBQ
Bondie,French Fries
Mallory,Michelob Ultra
Mallory,Pepsi
Petronilla,Budweiser
Petronilla,Blue Ribbon
Petronilla,Coors Banquet
Petronilla,Pepsi
Petronilla,Clam Chowder
Petronilla,Chips and Salsa
Saunders,Busch
Saunders,Dr. Pepper
Saunders,Hamburger
Saunders,Bean Burger
