bar,item,price
"VonRueden, Walker and Schroeder",Heineken ,9.99
"VonRueden, Walker and Schroeder",Coke,2.99
"VonRueden, Walker and Schroeder",Pink Lemonade,3.99
"VonRueden, Walker and Schroeder",Root Beer,1.99
"VonRueden, Walker and Schroeder",Pepsi,2.99
"VonRueden, Walker and Schroeder",Sprite,2.99
"VonRueden, Walker and Schroeder",Hamburger,7.99
"VonRueden, Walker and Schroeder",Apple Pie,8.99
"VonRueden, Walker and Schroeder",Turkey Sandwich ,7.99
"VonRueden, Walker and Schroeder",French Fries,10.99
Ward-Weissnat,Budweiser,4.99
Ward-Weissnat,Blue Ribbon,8.99
Ward-Weissnat,Heineken ,9.99
Ward-Weissnat,Miller Lite,4.99
Ward-Weissnat,Corona Extra,5.99
Ward-Weissnat,High Life,10.99
Ward-Weissnat,Keystone Light,5.99
Ward-Weissnat,Natural Light,10.99
Ward-Weissnat,Coors Light,9.99
Ward-Weissnat,Yuengling Lager,11.99
Ward-Weissnat,Steel Reserve,11.99
Ward-Weissnat,Pink Lemonade,2.99
Ward-Weissnat,Dr. Pepper,1.99
Ward-Weissnat,Fanta (Orange),3.99
Ward-Weissnat,Drop Biscuits ,4.99
Ward-Weissnat,Chips and Salsa,10.99
Ward-Weissnat,Texas BBQ,4.99
Ward-Weissnat,French Fries,4.99
Ward-Weissnat,Cajun Fries,5.99
Ward-Weissnat,Hominy Grits,8.99
Ward-Weissnat,Clam Chowder,6.99
Ward-Weissnat,Tacos ,5.99
Ward-Weissnat,Onion Rings,8.99
Hyatt Group,Busch,7.99
Hyatt Group,Blue Moon,6.99
Hyatt Group,Budweiser,4.99
Hyatt Group,Yuengling Lager,11.99
Hyatt Group,Miller Lite,4.99
Hyatt Group,Coors Light,9.99
Hyatt Group,Blue Ribbon,8.99
Hyatt Group,Steel Reserve,11.99
Hyatt Group,Michelob Ultra,10.99
Hyatt Group,Dos Equis ,10.99
Hyatt Group,Fanta (Grape),2.99
Hyatt Group,Fanta (Orange),2.99
Hyatt Group,Chips and Salsa,8.99
Hyatt Group,Bagel and Lox,8.99
Hyatt Group,Deep Dish Pizza (Slice),5.99
Hyatt Group,Onion Rings,10.99
Hyatt Group,Turkey Sandwich ,4.99
Hyatt Group,Chicken Burger,5.99
Hyatt Group,Hamburger,8.99
"Rippin, Zieme and Bosco",Blue Ribbon,8.99
"Rippin, Zieme and Bosco",Coors Light,9.99
"Rippin, Zieme and Bosco",Michelob Ultra,10.99
"Rippin, Zieme and Bosco",Keystone Light,5.99
"Rippin, Zieme and Bosco",Heineken ,9.99
"Rippin, Zieme and Bosco",Natural Ice,6.99
"Rippin, Zieme and Bosco",Coors Banquet,10.99
"Rippin, Zieme and Bosco",Icehouse,4.99
"Rippin, Zieme and Bosco",Coronoa Light,6.99
"Rippin, Zieme and Bosco",Corona Extra,5.99
"Rippin, Zieme and Bosco",Fanta (Orange),3.99
"Rippin, Zieme and Bosco",Coke,1.99
"Rippin, Zieme and Bosco",Root Beer,3.99
"Rippin, Zieme and Bosco",Fanta (Grape),1.99
"Rippin, Zieme and Bosco",Pink Lemonade,1.99
"Rippin, Zieme and Bosco",Fajita ,11.99
"Rippin, Zieme and Bosco",Turkey Sandwich ,11.99
"Rippin, Zieme and Bosco",Chicken Burger,8.99
"Rippin, Zieme and Bosco",French Fries,11.99
"Rippin, Zieme and Bosco",Deep Dish Pizza Pie,9.99
"Rippin, Zieme and Bosco",Bagel and Lox,9.99
"Thompson, Parker and Schneider",Busch Light,9.99
"Thompson, Parker and Schneider",Coors Banquet,10.99
"Thompson, Parker and Schneider",Mountain Dew,2.99
"Thompson, Parker and Schneider",Deep Dish Pizza (Slice),9.99
"Thompson, Parker and Schneider",Onion Rings,7.99
"Thompson, Parker and Schneider",Cajun Fries,9.99
"Thompson, Parker and Schneider",Deep Dish Pizza Pie,9.99
"Thompson, Parker and Schneider",Chicken Burger,9.99
"Thompson, Parker and Schneider",French Fries,6.99
Frami LLC,Stella Artois,9.99
Frami LLC,Cream Soda,3.99
Frami LLC,Pepsi,3.99
Frami LLC,Pink Lemonade,2.99
Frami LLC,Fanta (Orange),2.99
Frami LLC,Mountain Dew,2.99
Frami LLC,Dr. Pepper,1.99
Frami LLC,Texas BBQ,5.99
Frami LLC,Chips and Salsa,7.99
Rodriguez-Carter,Budweiser,4.99
Rodriguez-Carter,High Life,10.99
Rodriguez-Carter,Coors Light,9.99
Rodriguez-Carter,Busch Light,9.99
Rodriguez-Carter,Michelob Ultra,10.99
Rodriguez-Carter,Natural Light,10.99
Rodriguez-Carter,Busch,7.99
Rodriguez-Carter,Dos Equis ,10.99
Rodriguez-Carter,Bud Ice,7.99
Rodriguez-Carter,Natural Ice,6.99
Rodriguez-Carter,Mil's Best Ice,7.99
Rodriguez-Carter,Blue Moon,6.99
Rodriguez-Carter,Pepsi,2.99
Rodriguez-Carter,Cream Soda,1.99
Rodriguez-Carter,Fanta (Grape),1.99
"Bode, Kreiger and Abernathy",Budweiser,4.99
"Bode, Kreiger and Abernathy",Guinness,11.99
"Bode, Kreiger and Abernathy",Icehouse,4.99
"Bode, Kreiger and Abernathy",Natural Ice,6.99
"Bode, Kreiger and Abernathy",Mil's Best Ice,7.99
"Bode, Kreiger and Abernathy",Pepsi,1.99
"Bode, Kreiger and Abernathy",Deep Dish Pizza Pie,6.99
"Bode, Kreiger and Abernathy",Chicken Fajita,7.99
"Bode, Kreiger and Abernathy",Clam Chowder,10.99
Rolfson Inc,Yuengling Lager,11.99
Rolfson Inc,Bud Ice,7.99
Rolfson Inc,Keystone Light,5.99
Rolfson Inc,Corona Extra,5.99
Rolfson Inc,Root Beer,1.99
Rolfson Inc,Sprite,3.99
Rolfson Inc,Mountain Dew,1.99
Rolfson Inc,Fanta (Orange),3.99
Rolfson Inc,Coke,1.99
Rolfson Inc,Pepsi,2.99
Rolfson Inc,Onion Rings,4.99
Rolfson Inc,Bagel and Lox,4.99
Rolfson Inc,Chicken Fajita,8.99
"Sipes, Mueller and Walker",Mil's Best Ice,7.99
"Sipes, Mueller and Walker",Keystone Light,5.99
"Sipes, Mueller and Walker",Bud Ice,7.99
"Sipes, Mueller and Walker",Guinness,11.99
"Sipes, Mueller and Walker",High Life,10.99
"Sipes, Mueller and Walker",Blue Ribbon,8.99
"Sipes, Mueller and Walker",Busch,7.99
"Sipes, Mueller and Walker",Coronoa Light,6.99
"Sipes, Mueller and Walker",Steel Reserve,11.99
"Sipes, Mueller and Walker",Coke,1.99
"Sipes, Mueller and Walker",Mountain Dew,1.99
"Sipes, Mueller and Walker",Fanta (Orange),2.99
"Sipes, Mueller and Walker",Dr. Pepper,1.99
"Sipes, Mueller and Walker",Tacos ,8.99
"Sipes, Mueller and Walker",Fajita ,9.99
"Sipes, Mueller and Walker",Apple Pie,4.99
"Sipes, Mueller and Walker",Turkey Sandwich ,9.99
"Sipes, Mueller and Walker",Bagel and Lox,8.99
"Sipes, Mueller and Walker",Hominy Grits,4.99
"Sipes, Mueller and Walker",Chicken Burger,4.99
"Sipes, Mueller and Walker",Onion Rings,8.99
"Sipes, Mueller and Walker",Deep Dish Pizza Pie,5.99
Dicki-Kuphal,Guinness,11.99
Dicki-Kuphal,Busch,7.99
Dicki-Kuphal,Icehouse,4.99
Dicki-Kuphal,Miller Lite,4.99
Dicki-Kuphal,Blue Ribbon,8.99
Dicki-Kuphal,Natural Light,10.99
Dicki-Kuphal,Modelo Especial,9.99
Dicki-Kuphal,Natural Ice,6.99
Dicki-Kuphal,Mil's Best Ice,7.99
Dicki-Kuphal,Steel Reserve,11.99
Dicki-Kuphal,Fanta (Orange),2.99
Dicki-Kuphal,Coke,1.99
Dicki-Kuphal,Pink Lemonade,2.99
Dicki-Kuphal,Mozzarella Sticks,7.99
Dicki-Kuphal,Deep Dish Pizza (Slice),8.99
Dicki-Kuphal,Turkey Sandwich ,4.99
Dicki-Kuphal,Tacos ,4.99
Dicki-Kuphal,Onion Rings,7.99
Dicki-Kuphal,Apple Pie,7.99
Dicki-Kuphal,Texas BBQ,8.99
Dicki-Kuphal,Bagel and Lox,7.99
Dicki-Kuphal,Chicken Fajita,11.99
Dicki-Kuphal,Fajita ,4.99
Dicki-Kuphal,French Fries,10.99
Jakubowski-Hyatt,Coke,3.99
Jakubowski-Hyatt,Fanta (Orange),1.99
Jakubowski-Hyatt,Sprite,1.99
Jakubowski-Hyatt,Dr. Pepper,1.99
Jakubowski-Hyatt,Pink Lemonade,3.99
Jakubowski-Hyatt,Turkey Sandwich ,4.99
Jakubowski-Hyatt,Chicken Burger,8.99
"Ward, Bradtke and Heathcote",Pepsi,3.99
"Ward, Bradtke and Heathcote",Mountain Dew,1.99
"Ward, Bradtke and Heathcote",Coke,1.99
"Ward, Bradtke and Heathcote",Root Beer,1.99
"Ward, Bradtke and Heathcote",Pink Lemonade,1.99
"Ward, Bradtke and Heathcote",Fanta (Orange),3.99
"Ward, Bradtke and Heathcote",Chicken Fajita,4.99
"Ward, Bradtke and Heathcote",Texas BBQ,8.99
"Ward, Bradtke and Heathcote",Hamburger,7.99
"Ward, Bradtke and Heathcote",Drop Biscuits ,10.99
"Ward, Bradtke and Heathcote",French Fries,10.99
"Ward, Bradtke and Heathcote",Hominy Grits,10.99
"Ward, Bradtke and Heathcote",Chips and Salsa,8.99
"Ward, Bradtke and Heathcote",Turkey Sandwich ,6.99
"Ward, Bradtke and Heathcote",Fajita ,8.99
"Ward, Bradtke and Heathcote",Deep Dish Pizza (Slice),7.99
"Boyle, Schowalter and McClure",Coors Light,9.99
"Boyle, Schowalter and McClure",Mil's Best Ice,7.99
"Boyle, Schowalter and McClure",Guinness,11.99
"Boyle, Schowalter and McClure",Natural Light,10.99
"Boyle, Schowalter and McClure",Natural Ice,6.99
"Boyle, Schowalter and McClure",Root Beer,3.99
"Boyle, Schowalter and McClure",Pink Lemonade,2.99
"Boyle, Schowalter and McClure",Sprite,3.99
"Boyle, Schowalter and McClure",Pepsi,3.99
"Boyle, Schowalter and McClure",Dr. Pepper,2.99
"Boyle, Schowalter and McClure",French Fries,9.99
"Boyle, Schowalter and McClure",Tacos ,10.99
Mraz-Schmeler,Michelob Ultra,10.99
Mraz-Schmeler,Natural Ice,6.99
Mraz-Schmeler,Busch,7.99
Mraz-Schmeler,Corona Extra,5.99
Mraz-Schmeler,Guinness,11.99
Mraz-Schmeler,Natural Light,10.99
Mraz-Schmeler,Modelo Especial,9.99
Mraz-Schmeler,Heineken ,9.99
Mraz-Schmeler,Keystone Light,5.99
Mraz-Schmeler,Dos Equis ,10.99
Mraz-Schmeler,Cream Soda,3.99
Mraz-Schmeler,Pink Lemonade,3.99
Mraz-Schmeler,Texas BBQ,5.99
Klocko LLC,Blue Ribbon,8.99
Klocko LLC,Natural Light,10.99
Klocko LLC,Budweiser,4.99
Klocko LLC,Corona Extra,5.99
Klocko LLC,Heineken ,9.99
Klocko LLC,Steel Reserve,11.99
Klocko LLC,Coors Light,9.99
Klocko LLC,Busch Light,9.99
Klocko LLC,Blue Moon,6.99
Klocko LLC,Busch,7.99
Klocko LLC,High Life,10.99
Klocko LLC,Pink Lemonade,3.99
Klocko LLC,Fanta (Orange),3.99
Klocko LLC,Dr. Pepper,1.99
Klocko LLC,Coke,1.99
Klocko LLC,Mozzarella Sticks,5.99
Klocko LLC,Chicken Fajita,4.99
Rohan-Sipes,Budweiser,4.99
Rohan-Sipes,Corona Extra,5.99
Rohan-Sipes,Stella Artois,9.99
Rohan-Sipes,Coronoa Light,6.99
Rohan-Sipes,Coors Light,9.99
Rohan-Sipes,Blue Moon,6.99
Rohan-Sipes,Keystone Light,5.99
Rohan-Sipes,Icehouse,4.99
Rohan-Sipes,Heineken ,9.99
Rohan-Sipes,Natural Ice,6.99
Rohan-Sipes,Fanta (Grape),1.99
Rohan-Sipes,Root Beer,3.99
Rohan-Sipes,Fanta (Orange),3.99
Rohan-Sipes,Pink Lemonade,1.99
Rohan-Sipes,Pepsi,3.99
Rohan-Sipes,Clam Chowder,11.99
Rohan-Sipes,Bagel and Lox,11.99
Rohan-Sipes,Chips and Salsa,7.99
Rohan-Sipes,Hamburger,11.99
Abshire-Mante,High Life,10.99
Abshire-Mante,Guinness,11.99
Abshire-Mante,Busch Light,9.99
Abshire-Mante,Dos Equis ,10.99
Abshire-Mante,Stella Artois,9.99
Abshire-Mante,Bud Ice,7.99
Abshire-Mante,Natural Light,10.99
Abshire-Mante,Mountain Dew,1.99
Abshire-Mante,Fanta (Grape),2.99
Abshire-Mante,Dr. Pepper,3.99
Abshire-Mante,Bean Burger,6.99
Abshire-Mante,Chicken Burger,10.99
Abshire-Mante,Chips and Salsa,5.99
"Kutch, Connelly and Wiza",Root Beer,2.99
"Kutch, Connelly and Wiza",Cream Soda,1.99
"Kutch, Connelly and Wiza",Pepsi,2.99
"Kutch, Connelly and Wiza",Fanta (Orange),3.99
"Kutch, Connelly and Wiza",Fajita ,11.99
"Kutch, Connelly and Wiza",Tacos ,11.99
"Kutch, Connelly and Wiza",Hamburger,9.99
"Kutch, Connelly and Wiza",Drop Biscuits ,6.99
"Kutch, Connelly and Wiza",Bean Burger,5.99
"Kutch, Connelly and Wiza",Onion Rings,9.99
Windler LLC,Natural Light,10.99
Windler LLC,Budweiser,4.99
Windler LLC,Bud Ice,7.99
Windler LLC,Stella Artois,9.99
Windler LLC,Blue Moon,6.99
Windler LLC,Coronoa Light,6.99
Windler LLC,Steel Reserve,11.99
Windler LLC,Mil's Best Ice,7.99
Windler LLC,Busch Light,9.99
Windler LLC,Busch,7.99
Windler LLC,High Life,10.99
Windler LLC,Dos Equis ,10.99
Windler LLC,Pepsi,1.99
Windler LLC,Fanta (Orange),3.99
Windler LLC,Cream Soda,1.99
Windler LLC,Fanta (Grape),2.99
Windler LLC,Deep Dish Pizza (Slice),7.99
Windler LLC,Deep Dish Pizza Pie,9.99
Maggio-Crona,Corona Extra,5.99
Maggio-Crona,Budweiser,4.99
Maggio-Crona,Miller Lite,4.99
Maggio-Crona,Dr. Pepper,1.99
Maggio-Crona,Cream Soda,1.99
Maggio-Crona,Pink Lemonade,2.99
Maggio-Crona,Root Beer,1.99
Maggio-Crona,Sprite,3.99
Maggio-Crona,Pepsi,2.99
Maggio-Crona,Coke,3.99
Maggio-Crona,Apple Pie,4.99
Maggio-Crona,Turkey Sandwich ,11.99
Maggio-Crona,Clam Chowder,4.99
Maggio-Crona,Tacos ,5.99
Maggio-Crona,Chicken Fajita,8.99
Maggio-Crona,Chips and Salsa,7.99
Maggio-Crona,Deep Dish Pizza (Slice),4.99
Maggio-Crona,Onion Rings,4.99
Maggio-Crona,Hominy Grits,10.99
Maggio-Crona,Texas BBQ,6.99
Collier-Dicki,Icehouse,4.99
Collier-Dicki,Coors Light,9.99
Collier-Dicki,Natural Ice,6.99
Collier-Dicki,Keystone Light,5.99
Collier-Dicki,Michelob Ultra,10.99
Collier-Dicki,Root Beer,3.99
Collier-Dicki,Fanta (Orange),3.99
Collier-Dicki,Cream Soda,2.99
Collier-Dicki,Mountain Dew,3.99
Collier-Dicki,Dr. Pepper,2.99
Collier-Dicki,Deep Dish Pizza (Slice),8.99
Collier-Dicki,Hamburger,8.99
Collier-Dicki,French Fries,8.99
Collier-Dicki,Chicken Burger,4.99
Collier-Dicki,Chips and Salsa,11.99
"Hansen, Hodkiewicz and Kessler",Coors Banquet,10.99
"Hansen, Hodkiewicz and Kessler",High Life,10.99
"Hansen, Hodkiewicz and Kessler",Coronoa Light,6.99
"Hansen, Hodkiewicz and Kessler",Keystone Light,5.99
"Hansen, Hodkiewicz and Kessler",Blue Ribbon,8.99
"Hansen, Hodkiewicz and Kessler",Yuengling Lager,11.99
"Hansen, Hodkiewicz and Kessler",Natural Ice,6.99
"Hansen, Hodkiewicz and Kessler",Pink Lemonade,2.99
"Hansen, Hodkiewicz and Kessler",Cream Soda,3.99
"Hansen, Hodkiewicz and Kessler",Fanta (Orange),3.99
"Hansen, Hodkiewicz and Kessler",Deep Dish Pizza Pie,5.99
"Hansen, Hodkiewicz and Kessler",French Fries,5.99
"Hansen, Hodkiewicz and Kessler",Cajun Fries,4.99
"Hansen, Hodkiewicz and Kessler",Mozzarella Sticks,9.99
"Hansen, Hodkiewicz and Kessler",Drop Biscuits ,11.99
"Hansen, Hodkiewicz and Kessler",Hominy Grits,4.99
"Hansen, Hodkiewicz and Kessler",Chicken Fajita,7.99
Hermiston-Mayer,Busch Light,9.99
Hermiston-Mayer,High Life,10.99
Hermiston-Mayer,Natural Ice,6.99
Hermiston-Mayer,Coors Light,9.99
Hermiston-Mayer,Budweiser,4.99
Hermiston-Mayer,Icehouse,4.99
Hermiston-Mayer,Cream Soda,3.99
Hermiston-Mayer,Fanta (Grape),2.99
Hermiston-Mayer,Dr. Pepper,3.99
Hermiston-Mayer,Pink Lemonade,3.99
Hermiston-Mayer,Sprite,1.99
Hermiston-Mayer,Root Beer,1.99
Hermiston-Mayer,Fajita ,8.99
Hermiston-Mayer,Apple Pie,6.99
Hermiston-Mayer,Onion Rings,6.99
Hodkiewicz Inc,Guinness,11.99
Hodkiewicz Inc,Modelo Especial,9.99
Hodkiewicz Inc,Natural Ice,6.99
Hodkiewicz Inc,Budweiser,4.99
Hodkiewicz Inc,Michelob Ultra,10.99
Hodkiewicz Inc,High Life,10.99
Hodkiewicz Inc,Yuengling Lager,11.99
Hodkiewicz Inc,Miller Lite,4.99
Hodkiewicz Inc,Coronoa Light,6.99
Hodkiewicz Inc,Pepsi,1.99
Hodkiewicz Inc,Cream Soda,2.99
Hodkiewicz Inc,Fanta (Orange),2.99
Hodkiewicz Inc,Fanta (Grape),1.99
Hodkiewicz Inc,Fajita ,4.99
Hodkiewicz Inc,Tacos ,8.99
Hodkiewicz Inc,Mozzarella Sticks,11.99
Hodkiewicz Inc,Chicken Fajita,7.99
Hodkiewicz Inc,Clam Chowder,11.99
Hodkiewicz Inc,Hominy Grits,7.99
Hodkiewicz Inc,Deep Dish Pizza (Slice),8.99
Hodkiewicz Inc,French Fries,8.99
Hodkiewicz Inc,Turkey Sandwich ,4.99
Hodkiewicz Inc,Onion Rings,6.99
Hodkiewicz Inc,Chips and Salsa,8.99
"Hauck, Hettinger and Hills",Michelob Ultra,10.99
"Hauck, Hettinger and Hills",Coronoa Light,6.99
"Hauck, Hettinger and Hills",Corona Extra,5.99
"Hauck, Hettinger and Hills",Mil's Best Ice,7.99
"Hauck, Hettinger and Hills",High Life,10.99
"Hauck, Hettinger and Hills",Natural Light,10.99
"Hauck, Hettinger and Hills",Budweiser,4.99
"Hauck, Hettinger and Hills",Stella Artois,9.99
"Hauck, Hettinger and Hills",Onion Rings,5.99
"Hauck, Hettinger and Hills",Apple Pie,9.99
"Hauck, Hettinger and Hills",Hominy Grits,10.99
"Hauck, Hettinger and Hills",Tacos ,7.99
"Hauck, Hettinger and Hills",Turkey Sandwich ,5.99
"Hauck, Hettinger and Hills",Chicken Burger,11.99
McLaughlin and Sons,High Life,10.99
McLaughlin and Sons,Sprite,3.99
McLaughlin and Sons,Fanta (Grape),1.99
McLaughlin and Sons,Pink Lemonade,2.99
McLaughlin and Sons,Dr. Pepper,1.99
McLaughlin and Sons,Root Beer,3.99
McLaughlin and Sons,Clam Chowder,5.99
McLaughlin and Sons,French Fries,9.99
McLaughlin and Sons,Bean Burger,11.99
McLaughlin and Sons,Onion Rings,5.99
McLaughlin and Sons,Mozzarella Sticks,10.99
Abshire Group,Blue Ribbon,8.99
Abshire Group,Michelob Ultra,10.99
Abshire Group,Miller Lite,4.99
Abshire Group,Stella Artois,9.99
Abshire Group,Busch Light,9.99
Abshire Group,Natural Light,10.99
Abshire Group,Coors Banquet,10.99
Abshire Group,Fanta (Orange),3.99
Abshire Group,Cream Soda,2.99
Abshire Group,Mountain Dew,1.99
Abshire Group,Pepsi,3.99
Abshire Group,Pink Lemonade,2.99
Abshire Group,Coke,1.99
Abshire Group,Fanta (Grape),2.99
Abshire Group,Bean Burger,11.99
Lubowitz and Sons,High Life,10.99
Lubowitz and Sons,Natural Light,10.99
Lubowitz and Sons,Budweiser,4.99
Lubowitz and Sons,Steel Reserve,11.99
Lubowitz and Sons,Blue Moon,6.99
Lubowitz and Sons,Miller Lite,4.99
Lubowitz and Sons,Icehouse,4.99
Lubowitz and Sons,Corona Extra,5.99
Lubowitz and Sons,Coronoa Light,6.99
Lubowitz and Sons,Coors Light,9.99
Lubowitz and Sons,Mozzarella Sticks,4.99
Lubowitz and Sons,Chicken Burger,5.99
Lubowitz and Sons,French Fries,10.99
Lubowitz and Sons,Bagel and Lox,6.99
Lubowitz and Sons,Turkey Sandwich ,9.99
Lubowitz and Sons,Clam Chowder,5.99
Lubowitz and Sons,Cajun Fries,5.99
Lubowitz and Sons,Apple Pie,4.99
Lubowitz and Sons,Hominy Grits,4.99
Lubowitz and Sons,Texas BBQ,4.99
Lubowitz and Sons,Hamburger,10.99
Marks Group,Steel Reserve,11.99
Marks Group,Modelo Especial,9.99
Marks Group,Blue Ribbon,8.99
Marks Group,Guinness,11.99
Marks Group,Coronoa Light,6.99
Marks Group,High Life,10.99
Marks Group,Michelob Ultra,10.99
Marks Group,Natural Light,10.99
Marks Group,Icehouse,4.99
Marks Group,Dos Equis ,10.99
Marks Group,Bud Ice,7.99
Marks Group,Mil's Best Ice,7.99
Marks Group,Dr. Pepper,2.99
Marks Group,Root Beer,2.99
Marks Group,Pink Lemonade,3.99
Marks Group,Coke,3.99
Marks Group,Pepsi,1.99
Marks Group,Fajita ,4.99
Marks Group,Cajun Fries,4.99
Marks Group,Deep Dish Pizza Pie,8.99
Marks Group,French Fries,10.99
Marks Group,Deep Dish Pizza (Slice),4.99
Marks Group,Drop Biscuits ,11.99
"Hahn, Weber and Nader",Busch Light,9.99
"Hahn, Weber and Nader",Guinness,11.99
"Hahn, Weber and Nader",Budweiser,4.99
"Hahn, Weber and Nader",Natural Light,10.99
"Hahn, Weber and Nader",Steel Reserve,11.99
"Hahn, Weber and Nader",Dos Equis ,10.99
"Hahn, Weber and Nader",Yuengling Lager,11.99
"Hahn, Weber and Nader",Sprite,2.99
"Hahn, Weber and Nader",Pepsi,2.99
"Hahn, Weber and Nader",Root Beer,1.99
"Hahn, Weber and Nader",Mountain Dew,3.99
"Hahn, Weber and Nader",Dr. Pepper,3.99
"Hahn, Weber and Nader",Bean Burger,8.99
O'Kon-Barton,Natural Ice,6.99
O'Kon-Barton,Icehouse,4.99
O'Kon-Barton,Blue Moon,6.99
O'Kon-Barton,Coors Banquet,10.99
O'Kon-Barton,Dr. Pepper,2.99
O'Kon-Barton,Root Beer,1.99
O'Kon-Barton,Fanta (Orange),3.99
O'Kon-Barton,Turkey Sandwich ,11.99
O'Kon-Barton,Mozzarella Sticks,5.99
O'Kon-Barton,Chicken Fajita,4.99
O'Kon-Barton,Hominy Grits,4.99
O'Kon-Barton,French Fries,9.99
O'Kon-Barton,Chicken Burger,8.99
O'Kon-Barton,Drop Biscuits ,8.99
O'Kon-Barton,Texas BBQ,6.99
O'Kon-Barton,Onion Rings,8.99
Schneider-Cartwright,Guinness,11.99
Schneider-Cartwright,Miller Lite,4.99
Schneider-Cartwright,Corona Extra,5.99
Schneider-Cartwright,Root Beer,1.99
Schneider-Cartwright,Mountain Dew,1.99
Schneider-Cartwright,Fanta (Grape),3.99
Schneider-Cartwright,Cream Soda,1.99
Schneider-Cartwright,Pink Lemonade,1.99
Schneider-Cartwright,Turkey Sandwich ,8.99
Schneider-Cartwright,Hominy Grits,8.99
Schneider-Cartwright,Chicken Burger,7.99
Schneider-Cartwright,Clam Chowder,10.99
Schneider-Cartwright,French Fries,6.99
Schneider-Cartwright,Mozzarella Sticks,7.99
Schneider-Cartwright,Tacos ,10.99
Schneider-Cartwright,Apple Pie,11.99
Hyatt Inc,Icehouse,4.99
Hyatt Inc,Fanta (Orange),1.99
Hyatt Inc,Tacos ,9.99
Hyatt Inc,Drop Biscuits ,8.99
Hyatt Inc,Hamburger,4.99
Hyatt Inc,Chicken Fajita,10.99
Hyatt Inc,French Fries,6.99
Hyatt Inc,Chips and Salsa,10.99
Hyatt Inc,Onion Rings,10.99
Hyatt Inc,Clam Chowder,8.99
Hyatt Inc,Texas BBQ,9.99
Hyatt Inc,Deep Dish Pizza (Slice),11.99
"Schmitt, Stracke and Will",Budweiser,4.99
"Schmitt, Stracke and Will",Keystone Light,5.99
"Schmitt, Stracke and Will",Modelo Especial,9.99
"Schmitt, Stracke and Will",Guinness,11.99
"Schmitt, Stracke and Will",Miller Lite,4.99
"Schmitt, Stracke and Will",Mil's Best Ice,7.99
"Schmitt, Stracke and Will",Stella Artois,9.99
"Schmitt, Stracke and Will",Sprite,2.99
"Schmitt, Stracke and Will",Pepsi,3.99
"Schmitt, Stracke and Will",Coke,2.99
"Schmitt, Stracke and Will",French Fries,10.99
"Schmitt, Stracke and Will",Cajun Fries,11.99
"Schmitt, Stracke and Will",Fajita ,5.99
"Schmitt, Stracke and Will",Deep Dish Pizza (Slice),10.99
Haley Group,Natural Ice,6.99
Haley Group,Mil's Best Ice,7.99
Haley Group,Miller Lite,4.99
Haley Group,Bud Ice,7.99
Haley Group,Busch Light,9.99
Haley Group,Heineken ,9.99
Haley Group,Guinness,11.99
Haley Group,Cream Soda,2.99
Haley Group,Fanta (Orange),2.99
Haley Group,Coke,3.99
Haley Group,Root Beer,3.99
Haley Group,Drop Biscuits ,5.99
Haley Group,Chicken Fajita,4.99
Haley Group,Cajun Fries,10.99
Haley Group,Hominy Grits,7.99
Jenkins and Sons,Blue Ribbon,8.99
Jenkins and Sons,Blue Moon,6.99
Jenkins and Sons,Budweiser,4.99
Jenkins and Sons,Heineken ,9.99
Jenkins and Sons,Miller Lite,4.99
Jenkins and Sons,Keystone Light,5.99
Jenkins and Sons,Busch Light,9.99
Jenkins and Sons,Icehouse,4.99
Jenkins and Sons,Coors Light,9.99
Jenkins and Sons,Guinness,11.99
Jenkins and Sons,Sprite,1.99
Jenkins and Sons,Root Beer,3.99
Jenkins and Sons,Fanta (Orange),1.99
Jenkins and Sons,Onion Rings,5.99
Jenkins and Sons,Bean Burger,6.99
Jenkins and Sons,Mozzarella Sticks,5.99
Jenkins and Sons,Chicken Burger,5.99
Jenkins and Sons,Texas BBQ,9.99
Jenkins and Sons,Turkey Sandwich ,8.99
Jenkins and Sons,Hominy Grits,4.99
Jenkins and Sons,Deep Dish Pizza Pie,6.99
Jenkins and Sons,Drop Biscuits ,11.99
Jenkins and Sons,Cajun Fries,7.99
Schinner LLC,Mil's Best Ice,7.99
Schinner LLC,Corona Extra,5.99
Schinner LLC,Natural Ice,6.99
Schinner LLC,Onion Rings,9.99
Hayes Group,Bud Ice,7.99
Hayes Group,Yuengling Lager,11.99
Hayes Group,Busch,7.99
Hayes Group,Steel Reserve,11.99
Hayes Group,Michelob Ultra,10.99
Hayes Group,High Life,10.99
Hayes Group,Coors Light,9.99
Hayes Group,Dos Equis ,10.99
Hayes Group,Miller Lite,4.99
Hayes Group,Cream Soda,1.99
Hayes Group,Sprite,3.99
Hayes Group,Fanta (Grape),3.99
Hayes Group,French Fries,5.99
Hayes Group,Apple Pie,8.99
Hayes Group,Turkey Sandwich ,6.99
Hayes Group,Clam Chowder,6.99
Hayes Group,Deep Dish Pizza (Slice),10.99
Hayes Group,Mozzarella Sticks,7.99
Hayes Group,Texas BBQ,9.99
Hayes Group,Tacos ,5.99
Leuschke Group,Yuengling Lager,11.99
Leuschke Group,Michelob Ultra,10.99
Leuschke Group,Mil's Best Ice,7.99
Leuschke Group,Natural Ice,6.99
Leuschke Group,Dos Equis ,10.99
Leuschke Group,Corona Extra,5.99
Leuschke Group,Coronoa Light,6.99
Leuschke Group,Budweiser,4.99
Leuschke Group,Blue Moon,6.99
Leuschke Group,Natural Light,10.99
Leuschke Group,Blue Ribbon,8.99
Leuschke Group,Guinness,11.99
Leuschke Group,Coke,2.99
Leuschke Group,Cream Soda,3.99
Leuschke Group,Mountain Dew,2.99
Leuschke Group,Pink Lemonade,3.99
Leuschke Group,Fanta (Orange),3.99
Leuschke Group,Chips and Salsa,6.99
Leuschke Group,Texas BBQ,6.99
Leuschke Group,Fajita ,5.99
Leuschke Group,Chicken Burger,5.99
Leuschke Group,Deep Dish Pizza (Slice),8.99
Leuschke Group,French Fries,9.99
Leuschke Group,Bean Burger,4.99
Leuschke Group,Drop Biscuits ,11.99
Klein-Ledner,Coronoa Light,6.99
Klein-Ledner,Natural Ice,6.99
Klein-Ledner,Modelo Especial,9.99
Klein-Ledner,High Life,10.99
Klein-Ledner,Natural Light,10.99
Klein-Ledner,Dos Equis ,10.99
Klein-Ledner,Michelob Ultra,10.99
Klein-Ledner,Corona Extra,5.99
Klein-Ledner,Yuengling Lager,11.99
Klein-Ledner,Miller Lite,4.99
Klein-Ledner,Pepsi,3.99
"Schroeder, Davis and Leffler",Natural Ice,6.99
"Schroeder, Davis and Leffler",Steel Reserve,11.99
"Schroeder, Davis and Leffler",Corona Extra,5.99
"Schroeder, Davis and Leffler",Mil's Best Ice,7.99
"Schroeder, Davis and Leffler",Bud Ice,7.99
"Schroeder, Davis and Leffler",Coke,1.99
"Schroeder, Davis and Leffler",Mountain Dew,3.99
"Schroeder, Davis and Leffler",Cream Soda,1.99
"Schroeder, Davis and Leffler",Pepsi,2.99
"Schroeder, Davis and Leffler",Dr. Pepper,3.99
"Schroeder, Davis and Leffler",Hamburger,7.99
"Schroeder, Davis and Leffler",Mozzarella Sticks,11.99
"Schroeder, Davis and Leffler",Chips and Salsa,8.99
"Schroeder, Davis and Leffler",Chicken Fajita,8.99
"Schroeder, Davis and Leffler",Bagel and Lox,8.99
Schoen LLC,Busch Light,9.99
Schoen LLC,Heineken ,9.99
Schoen LLC,Yuengling Lager,11.99
Schoen LLC,Keystone Light,5.99
Schoen LLC,Natural Light,10.99
Schoen LLC,Blue Moon,6.99
Schoen LLC,Mil's Best Ice,7.99
Schoen LLC,Modelo Especial,9.99
Schoen LLC,Chicken Fajita,6.99
Schoen LLC,Texas BBQ,8.99
Schoen LLC,Bean Burger,8.99
Schoen LLC,Chips and Salsa,5.99
Schoen LLC,Hamburger,7.99
Schoen LLC,Fajita ,8.99
Schoen LLC,Onion Rings,4.99
Schoen LLC,Bagel and Lox,5.99
Schoen LLC,Clam Chowder,6.99
Schoen LLC,Turkey Sandwich ,4.99
Schoen LLC,Cajun Fries,8.99
"Renner, Schuster and Zboncak",Michelob Ultra,10.99
"Renner, Schuster and Zboncak",Coors Light,9.99
"Renner, Schuster and Zboncak",Yuengling Lager,11.99
"Renner, Schuster and Zboncak",Corona Extra,5.99
"Renner, Schuster and Zboncak",Guinness,11.99
"Renner, Schuster and Zboncak",Keystone Light,5.99
"Renner, Schuster and Zboncak",Dr. Pepper,3.99
"Renner, Schuster and Zboncak",Sprite,3.99
"Renner, Schuster and Zboncak",Cream Soda,2.99
"Renner, Schuster and Zboncak",Apple Pie,9.99
"Renner, Schuster and Zboncak",French Fries,6.99
"Renner, Schuster and Zboncak",Chips and Salsa,4.99
"Renner, Schuster and Zboncak",Bagel and Lox,10.99
"Renner, Schuster and Zboncak",Hominy Grits,5.99
"Renner, Schuster and Zboncak",Texas BBQ,4.99
"Renner, Schuster and Zboncak",Cajun Fries,5.99
"Renner, Schuster and Zboncak",Turkey Sandwich ,9.99
"Renner, Schuster and Zboncak",Clam Chowder,7.99
Emmerich and Sons,Miller Lite,4.99
Emmerich and Sons,Natural Ice,6.99
Emmerich and Sons,Dos Equis ,10.99
Emmerich and Sons,Corona Extra,5.99
Emmerich and Sons,Bud Ice,7.99
Emmerich and Sons,Budweiser,4.99
Emmerich and Sons,High Life,10.99
Emmerich and Sons,Stella Artois,9.99
Emmerich and Sons,Coors Banquet,10.99
Emmerich and Sons,Keystone Light,5.99
Emmerich and Sons,Yuengling Lager,11.99
Emmerich and Sons,Steel Reserve,11.99
Emmerich and Sons,Cream Soda,1.99
Emmerich and Sons,Fanta (Grape),2.99
Emmerich and Sons,Mountain Dew,1.99
Emmerich and Sons,Dr. Pepper,1.99
Emmerich and Sons,Root Beer,2.99
Emmerich and Sons,Fajita ,10.99
Emmerich and Sons,French Fries,10.99
Emmerich and Sons,Chicken Burger,7.99
Emmerich and Sons,Apple Pie,5.99
Emmerich and Sons,Tacos ,5.99
Emmerich and Sons,Bean Burger,7.99
Emmerich and Sons,Cajun Fries,9.99
Emmerich and Sons,Bagel and Lox,7.99
Emmerich and Sons,Mozzarella Sticks,8.99
"Herzog, Littel and Kunze",Fanta (Grape),1.99
"Herzog, Littel and Kunze",Cream Soda,1.99
"Herzog, Littel and Kunze",Clam Chowder,8.99
Morar-Harvey,Dos Equis ,10.99
Morar-Harvey,Michelob Ultra,10.99
Morar-Harvey,Coors Banquet,10.99
Morar-Harvey,High Life,10.99
Morar-Harvey,Steel Reserve,11.99
Morar-Harvey,Miller Lite,4.99
Morar-Harvey,Natural Light,10.99
Morar-Harvey,Modelo Especial,9.99
Morar-Harvey,Natural Ice,6.99
Morar-Harvey,Bud Ice,7.99
Morar-Harvey,Yuengling Lager,11.99
Morar-Harvey,Dr. Pepper,3.99
Morar-Harvey,Cream Soda,2.99
Morar-Harvey,Root Beer,1.99
Morar-Harvey,Coke,2.99
Morar-Harvey,Pink Lemonade,2.99
Morar-Harvey,Mountain Dew,3.99
Morar-Harvey,French Fries,5.99
Morar-Harvey,Apple Pie,6.99
Morar-Harvey,Bean Burger,9.99
Morar-Harvey,Drop Biscuits ,8.99
Morar-Harvey,Hamburger,11.99
Gleason and Sons,Bud Ice,7.99
Gleason and Sons,Natural Light,10.99
Gleason and Sons,Deep Dish Pizza (Slice),5.99
Gleason and Sons,Bagel and Lox,11.99
Gleason and Sons,Chicken Fajita,4.99
Gleason and Sons,Chicken Burger,5.99
Gleason and Sons,Cajun Fries,8.99
Gleason and Sons,Bean Burger,10.99
Gleason and Sons,Hamburger,5.99
Gleason and Sons,Turkey Sandwich ,6.99
Gleason and Sons,Apple Pie,5.99
Gleason and Sons,Deep Dish Pizza Pie,10.99
Green-Roberts,Guinness,11.99
Green-Roberts,Natural Ice,6.99
Green-Roberts,Blue Moon,6.99
Green-Roberts,Coors Banquet,10.99
Green-Roberts,Mil's Best Ice,7.99
Green-Roberts,Bud Ice,7.99
Green-Roberts,Coronoa Light,6.99
Green-Roberts,Coors Light,9.99
Green-Roberts,Budweiser,4.99
Green-Roberts,Busch Light,9.99
Green-Roberts,High Life,10.99
Green-Roberts,Corona Extra,5.99
Green-Roberts,Cream Soda,1.99
Green-Roberts,Pink Lemonade,2.99
Green-Roberts,Fanta (Orange),3.99
Green-Roberts,Fanta (Grape),1.99
Green-Roberts,French Fries,11.99
Green-Roberts,Chips and Salsa,4.99
Green-Roberts,Onion Rings,10.99
Green-Roberts,Apple Pie,11.99
Green-Roberts,Deep Dish Pizza (Slice),5.99
Green-Roberts,Tacos ,10.99
"Streich, Mosciski and Huel",Dos Equis ,10.99
"Streich, Mosciski and Huel",Keystone Light,5.99
"Streich, Mosciski and Huel",Steel Reserve,11.99
"Streich, Mosciski and Huel",Natural Ice,6.99
"Streich, Mosciski and Huel",Heineken ,9.99
"Streich, Mosciski and Huel",High Life,10.99
"Streich, Mosciski and Huel",Miller Lite,4.99
"Streich, Mosciski and Huel",Stella Artois,9.99
"Streich, Mosciski and Huel",Yuengling Lager,11.99
"Streich, Mosciski and Huel",Busch Light,9.99
"Streich, Mosciski and Huel",Dr. Pepper,2.99
"Streich, Mosciski and Huel",Fanta (Orange),2.99
"Streich, Mosciski and Huel",Pink Lemonade,1.99
"Streich, Mosciski and Huel",Fanta (Grape),2.99
"Streich, Mosciski and Huel",Pepsi,1.99
"Streich, Mosciski and Huel",Sprite,3.99
"Streich, Mosciski and Huel",Coke,2.99
"Streich, Mosciski and Huel",French Fries,11.99
"Streich, Mosciski and Huel",Chips and Salsa,9.99
"Streich, Mosciski and Huel",Mozzarella Sticks,10.99
"Streich, Mosciski and Huel",Deep Dish Pizza Pie,9.99
"Streich, Mosciski and Huel",Chicken Fajita,5.99
"Streich, Mosciski and Huel",Bagel and Lox,10.99
"Streich, Mosciski and Huel",Fajita ,10.99
"Streich, Mosciski and Huel",Deep Dish Pizza (Slice),5.99
Friesen Group,Dos Equis ,10.99
Friesen Group,Natural Light,10.99
Friesen Group,High Life,10.99
Friesen Group,Guinness,11.99
Friesen Group,Busch Light,9.99
Friesen Group,Busch,7.99
Friesen Group,Steel Reserve,11.99
Friesen Group,Natural Ice,6.99
Friesen Group,Blue Moon,6.99
Friesen Group,Icehouse,4.99
Friesen Group,Michelob Ultra,10.99
Friesen Group,Yuengling Lager,11.99
Friesen Group,Heineken ,9.99
Friesen Group,Mountain Dew,1.99
Friesen Group,Fanta (Orange),3.99
Friesen Group,Hominy Grits,10.99
Friesen Group,Chips and Salsa,10.99
Friesen Group,Bean Burger,4.99
"Fisher, Cassin and Hackett",Keystone Light,5.99
"Fisher, Cassin and Hackett",Icehouse,4.99
"Fisher, Cassin and Hackett",Coors Banquet,10.99
"Fisher, Cassin and Hackett",Modelo Especial,9.99
"Fisher, Cassin and Hackett",Busch Light,9.99
"Fisher, Cassin and Hackett",Stella Artois,9.99
"Fisher, Cassin and Hackett",Cream Soda,2.99
"Fisher, Cassin and Hackett",Fanta (Orange),1.99
"Fisher, Cassin and Hackett",Pink Lemonade,2.99
"Fisher, Cassin and Hackett",Mountain Dew,1.99
"Fisher, Cassin and Hackett",Dr. Pepper,2.99
"Fisher, Cassin and Hackett",Coke,1.99
"Fisher, Cassin and Hackett",Cajun Fries,9.99
"Fisher, Cassin and Hackett",Turkey Sandwich ,6.99
Hansen LLC,Mountain Dew,1.99
Hansen LLC,Coke,1.99
Hansen LLC,Chicken Burger,4.99
Hansen LLC,Fajita ,8.99
Hansen LLC,Bean Burger,8.99
Hansen LLC,Hamburger,6.99
Hansen LLC,Chips and Salsa,6.99
Hansen LLC,Drop Biscuits ,10.99
Hansen LLC,French Fries,5.99
Hansen LLC,Texas BBQ,11.99
Volkman LLC,High Life,10.99
Volkman LLC,Natural Light,10.99
Volkman LLC,Yuengling Lager,11.99
Volkman LLC,Bud Ice,7.99
Volkman LLC,Stella Artois,9.99
Volkman LLC,Root Beer,1.99
Volkman LLC,Fanta (Orange),3.99
Volkman LLC,Sprite,1.99
Volkman LLC,Fanta (Grape),1.99
Volkman LLC,Dr. Pepper,2.99
Volkman LLC,Bean Burger,4.99
Volkman LLC,Deep Dish Pizza Pie,4.99
Volkman LLC,Cajun Fries,5.99
Volkman LLC,Deep Dish Pizza (Slice),11.99
Volkman LLC,Apple Pie,4.99
Pagac-Huels,High Life,10.99
Pagac-Huels,Coors Light,9.99
Pagac-Huels,Busch,7.99
Pagac-Huels,Bud Ice,7.99
Pagac-Huels,Natural Ice,6.99
Pagac-Huels,Guinness,11.99
Pagac-Huels,Budweiser,4.99
Pagac-Huels,Pepsi,3.99
Pagac-Huels,Pink Lemonade,3.99
Pagac-Huels,Sprite,3.99
Pagac-Huels,Root Beer,1.99
Pagac-Huels,Dr. Pepper,3.99
"Heathcote, Hoppe and Koss",Fanta (Grape),3.99
"Heathcote, Hoppe and Koss",Cream Soda,3.99
"Heathcote, Hoppe and Koss",Dr. Pepper,1.99
"Heathcote, Hoppe and Koss",Fanta (Orange),2.99
"Heathcote, Hoppe and Koss",Pepsi,3.99
"Heathcote, Hoppe and Koss",Coke,2.99
"Heathcote, Hoppe and Koss",Bagel and Lox,9.99
"Heathcote, Hoppe and Koss",Drop Biscuits ,7.99
"Heathcote, Hoppe and Koss",Bean Burger,11.99
"Heathcote, Hoppe and Koss",Texas BBQ,5.99
"Heathcote, Hoppe and Koss",Apple Pie,11.99
"Heathcote, Hoppe and Koss",Deep Dish Pizza Pie,7.99
"Heathcote, Hoppe and Koss",Cajun Fries,5.99
Robel-Rutherford,Busch,7.99
Robel-Rutherford,Natural Ice,6.99
Robel-Rutherford,Mountain Dew,3.99
Robel-Rutherford,Root Beer,2.99
Robel-Rutherford,Pepsi,3.99
Robel-Rutherford,Fanta (Orange),1.99
Robel-Rutherford,Chicken Burger,4.99
Robel-Rutherford,Tacos ,8.99
Robel-Rutherford,Chicken Fajita,7.99
Robel-Rutherford,Deep Dish Pizza Pie,10.99
Robel-Rutherford,Mozzarella Sticks,5.99
Robel-Rutherford,Hamburger,8.99
Robel-Rutherford,Onion Rings,6.99
Robel-Rutherford,Fajita ,4.99
Robel-Rutherford,Drop Biscuits ,6.99
Robel-Rutherford,Deep Dish Pizza (Slice),6.99
"Spencer, Jerde and Predovic",Budweiser,4.99
"Spencer, Jerde and Predovic",Fanta (Grape),3.99
"Spencer, Jerde and Predovic",Pepsi,1.99
"Spencer, Jerde and Predovic",Pink Lemonade,3.99
"Spencer, Jerde and Predovic",Cajun Fries,10.99
"Spencer, Jerde and Predovic",French Fries,4.99
"Spencer, Jerde and Predovic",Onion Rings,10.99
"Spencer, Jerde and Predovic",Turkey Sandwich ,5.99
"Spencer, Jerde and Predovic",Deep Dish Pizza Pie,9.99
"Spencer, Jerde and Predovic",Hominy Grits,10.99
"Spencer, Jerde and Predovic",Deep Dish Pizza (Slice),9.99
"Spencer, Jerde and Predovic",Chips and Salsa,10.99
"Fay, Gottlieb and Schuppe",Coors Banquet,10.99
"Fay, Gottlieb and Schuppe",Michelob Ultra,10.99
"Fay, Gottlieb and Schuppe",Busch Light,9.99
"Fay, Gottlieb and Schuppe",Coors Light,9.99
"Fay, Gottlieb and Schuppe",Heineken ,9.99
"Fay, Gottlieb and Schuppe",Blue Moon,6.99
"Fay, Gottlieb and Schuppe",High Life,10.99
"Fay, Gottlieb and Schuppe",Miller Lite,4.99
"Fay, Gottlieb and Schuppe",Corona Extra,5.99
"Fay, Gottlieb and Schuppe",Busch,7.99
"Fay, Gottlieb and Schuppe",Sprite,3.99
"Fay, Gottlieb and Schuppe",Deep Dish Pizza (Slice),9.99
"Fay, Gottlieb and Schuppe",Cajun Fries,6.99
"Fay, Gottlieb and Schuppe",Bagel and Lox,11.99
"Fay, Gottlieb and Schuppe",Mozzarella Sticks,9.99
"Fay, Gottlieb and Schuppe",Apple Pie,6.99
Langosh Group,Corona Extra,5.99
Langosh Group,High Life,10.99
Langosh Group,Modelo Especial,9.99
Langosh Group,Heineken ,9.99
Langosh Group,Coors Banquet,10.99
Langosh Group,Coronoa Light,6.99
Langosh Group,Miller Lite,4.99
Langosh Group,Icehouse,4.99
Langosh Group,Mountain Dew,1.99
Langosh Group,Dr. Pepper,1.99
Langosh Group,Mozzarella Sticks,5.99
Langosh Group,Hominy Grits,8.99
Langosh Group,Tacos ,5.99
Langosh Group,Bean Burger,9.99
Langosh Group,Clam Chowder,6.99
Langosh Group,Cajun Fries,4.99
Langosh Group,Chips and Salsa,4.99
Langosh Group,Onion Rings,6.99
Langosh Group,Texas BBQ,8.99
Renner Group,Budweiser,4.99
Renner Group,Yuengling Lager,11.99
Renner Group,Heineken ,9.99
Renner Group,Dos Equis ,10.99
Renner Group,Busch Light,9.99
Renner Group,Cream Soda,2.99
Renner Group,Root Beer,3.99
Renner Group,Dr. Pepper,3.99
Renner Group,Pepsi,3.99
Renner Group,Fanta (Grape),2.99
Renner Group,Fajita ,10.99
Renner Group,Drop Biscuits ,9.99
Renner Group,Mozzarella Sticks,10.99
"Towne, Nikolaus and Thiel",Coors Banquet,10.99
"Towne, Nikolaus and Thiel",Coors Light,9.99
"Towne, Nikolaus and Thiel",Mil's Best Ice,7.99
"Towne, Nikolaus and Thiel",Bud Ice,7.99
"Towne, Nikolaus and Thiel",Corona Extra,5.99
"Towne, Nikolaus and Thiel",Dos Equis ,10.99
"Towne, Nikolaus and Thiel",Stella Artois,9.99
"Towne, Nikolaus and Thiel",Dr. Pepper,2.99
"Towne, Nikolaus and Thiel",Sprite,3.99
"Towne, Nikolaus and Thiel",Root Beer,2.99
"Towne, Nikolaus and Thiel",Coke,2.99
"Towne, Nikolaus and Thiel",Apple Pie,10.99
"Towne, Nikolaus and Thiel",Cajun Fries,9.99
"Towne, Nikolaus and Thiel",Drop Biscuits ,4.99
"Towne, Nikolaus and Thiel",Clam Chowder,6.99
"Towne, Nikolaus and Thiel",Fajita ,7.99
"Towne, Nikolaus and Thiel",Deep Dish Pizza (Slice),8.99
"Towne, Nikolaus and Thiel",Turkey Sandwich ,7.99
"Towne, Nikolaus and Thiel",Chicken Burger,5.99
"Towne, Nikolaus and Thiel",Bagel and Lox,10.99
Wyman and Sons,Dos Equis ,10.99
Wyman and Sons,Blue Ribbon,8.99
Wyman and Sons,Busch,7.99
Wyman and Sons,High Life,10.99
Wyman and Sons,Icehouse,4.99
Wyman and Sons,Steel Reserve,11.99
Wyman and Sons,Yuengling Lager,11.99
Wyman and Sons,Stella Artois,9.99
Wyman and Sons,Modelo Especial,9.99
Wyman and Sons,Fanta (Grape),1.99
Wyman and Sons,Cream Soda,2.99
Wyman and Sons,Fanta (Orange),1.99
Wyman and Sons,Coke,1.99
Wyman and Sons,Root Beer,3.99
Wyman and Sons,Dr. Pepper,1.99
Wyman and Sons,Chips and Salsa,7.99
Wyman and Sons,Chicken Burger,9.99
Wyman and Sons,Bagel and Lox,10.99
"Cassin, Feil and Schmitt",Corona Extra,5.99
"Cassin, Feil and Schmitt",Mil's Best Ice,7.99
"Cassin, Feil and Schmitt",Coors Light,9.99
"Cassin, Feil and Schmitt",Keystone Light,5.99
"Cassin, Feil and Schmitt",Coke,2.99
"Cassin, Feil and Schmitt",Cream Soda,1.99
"Cassin, Feil and Schmitt",Pink Lemonade,3.99
"Cassin, Feil and Schmitt",Deep Dish Pizza Pie,6.99
"Cassin, Feil and Schmitt",Drop Biscuits ,11.99
"Cassin, Feil and Schmitt",Tacos ,11.99
"Cassin, Feil and Schmitt",Mozzarella Sticks,8.99
"Cassin, Feil and Schmitt",Chips and Salsa,5.99
"Cassin, Feil and Schmitt",Deep Dish Pizza (Slice),6.99
"Cassin, Feil and Schmitt",Turkey Sandwich ,9.99
"Cole, Larson and Weber",High Life,10.99
"Cole, Larson and Weber",Corona Extra,5.99
"Cole, Larson and Weber",Heineken ,9.99
"Cole, Larson and Weber",Dos Equis ,10.99
"Cole, Larson and Weber",Blue Moon,6.99
"Cole, Larson and Weber",Fanta (Grape),3.99
"Cole, Larson and Weber",Pink Lemonade,3.99
"Cole, Larson and Weber",Mozzarella Sticks,10.99
"Cole, Larson and Weber",Bean Burger,10.99
"Cole, Larson and Weber",French Fries,11.99
"Cole, Larson and Weber",Bagel and Lox,10.99
"Cole, Larson and Weber",Chips and Salsa,5.99
"Cole, Larson and Weber",Apple Pie,8.99
"Cole, Larson and Weber",Hamburger,7.99
"Cole, Larson and Weber",Fajita ,9.99
"Cole, Larson and Weber",Drop Biscuits ,7.99
Cronin and Sons,Natural Light,10.99
Cronin and Sons,Budweiser,4.99
Cronin and Sons,Blue Moon,6.99
Cronin and Sons,Icehouse,4.99
Cronin and Sons,Mozzarella Sticks,8.99
Cronin and Sons,Clam Chowder,4.99
Cronin and Sons,Hominy Grits,8.99
Cronin and Sons,Apple Pie,5.99
Pouros-Rohan,Blue Moon,6.99
Pouros-Rohan,Guinness,11.99
Pouros-Rohan,Michelob Ultra,10.99
Pouros-Rohan,Coke,1.99
Pouros-Rohan,Root Beer,1.99
Pouros-Rohan,French Fries,10.99
Pouros-Rohan,Chips and Salsa,9.99
Pouros-Rohan,Deep Dish Pizza Pie,7.99
Romaguera-Rau,High Life,10.99
Romaguera-Rau,Blue Moon,6.99
Romaguera-Rau,Heineken ,9.99
Romaguera-Rau,Coors Banquet,10.99
Romaguera-Rau,Michelob Ultra,10.99
Romaguera-Rau,Busch,7.99
Romaguera-Rau,Keystone Light,5.99
Romaguera-Rau,Modelo Especial,9.99
Romaguera-Rau,Coronoa Light,6.99
Romaguera-Rau,Mil's Best Ice,7.99
Romaguera-Rau,Root Beer,2.99
Romaguera-Rau,Pepsi,1.99
Romaguera-Rau,Tacos ,8.99
Romaguera-Rau,Deep Dish Pizza (Slice),5.99
Romaguera-Rau,Chips and Salsa,4.99
Romaguera-Rau,Texas BBQ,7.99
Romaguera-Rau,Mozzarella Sticks,7.99
Romaguera-Rau,Apple Pie,10.99
Romaguera-Rau,Hominy Grits,10.99
Romaguera-Rau,Chicken Burger,6.99
"Keeling, Okuneva and Rippin",Natural Light,10.99
"Keeling, Okuneva and Rippin",Busch,7.99
"Keeling, Okuneva and Rippin",Mil's Best Ice,7.99
"Keeling, Okuneva and Rippin",Dos Equis ,10.99
"Keeling, Okuneva and Rippin",Natural Ice,6.99
"Keeling, Okuneva and Rippin",Coors Light,9.99
"Keeling, Okuneva and Rippin",Bud Ice,7.99
"Keeling, Okuneva and Rippin",Blue Ribbon,8.99
"Keeling, Okuneva and Rippin",Steel Reserve,11.99
"Keeling, Okuneva and Rippin",Chicken Fajita,10.99
"Keeling, Okuneva and Rippin",Chips and Salsa,11.99
"Keeling, Okuneva and Rippin",Tacos ,6.99
"Keeling, Okuneva and Rippin",Fajita ,7.99
"Keeling, Okuneva and Rippin",Deep Dish Pizza (Slice),9.99
"Keeling, Okuneva and Rippin",Apple Pie,10.99
"Keeling, Okuneva and Rippin",French Fries,8.99
"Keeling, Okuneva and Rippin",Mozzarella Sticks,9.99
"Keeling, Okuneva and Rippin",Turkey Sandwich ,4.99
Rutherford LLC,Coronoa Light,6.99
Rutherford LLC,Yuengling Lager,11.99
Rutherford LLC,Guinness,11.99
Rutherford LLC,High Life,10.99
Rutherford LLC,Corona Extra,5.99
Rutherford LLC,Michelob Ultra,10.99
Rutherford LLC,Sprite,1.99
Rutherford LLC,Fanta (Grape),3.99
Rutherford LLC,Mountain Dew,3.99
Rutherford LLC,Root Beer,1.99
Rutherford LLC,Pepsi,1.99
Rutherford LLC,Cream Soda,2.99
Rutherford LLC,Deep Dish Pizza (Slice),10.99
Rutherford LLC,Chicken Burger,5.99
Rutherford LLC,French Fries,5.99
Rutherford LLC,Drop Biscuits ,10.99
Rutherford LLC,Fajita ,7.99
Rutherford LLC,Onion Rings,7.99
Rutherford LLC,Apple Pie,6.99
Rutherford LLC,Chips and Salsa,11.99
Bailey Inc,Dos Equis ,10.99
Bailey Inc,Corona Extra,5.99
Bailey Inc,Chips and Salsa,10.99
"Heller, Ortiz and Kovacek",Heineken ,9.99
"Heller, Ortiz and Kovacek",Natural Ice,6.99
"Heller, Ortiz and Kovacek",Stella Artois,9.99
"Heller, Ortiz and Kovacek",Sprite,1.99
"Heller, Ortiz and Kovacek",Chicken Fajita,7.99
"Heller, Ortiz and Kovacek",Deep Dish Pizza Pie,4.99
"Heller, Ortiz and Kovacek",Tacos ,6.99
"Heller, Ortiz and Kovacek",Deep Dish Pizza (Slice),7.99
"Heller, Ortiz and Kovacek",Hamburger,4.99
"Heller, Ortiz and Kovacek",Fajita ,10.99
Walsh and Sons,Michelob Ultra,10.99
Walsh and Sons,Coors Banquet,10.99
Walsh and Sons,Corona Extra,5.99
Walsh and Sons,Coronoa Light,6.99
Walsh and Sons,Blue Moon,6.99
Walsh and Sons,Mil's Best Ice,7.99
Walsh and Sons,Natural Ice,6.99
Walsh and Sons,Icehouse,4.99
Walsh and Sons,Steel Reserve,11.99
Walsh and Sons,Dos Equis ,10.99
Walsh and Sons,Mountain Dew,1.99
Walsh and Sons,Sprite,1.99
Walsh and Sons,Mozzarella Sticks,8.99
Walsh and Sons,Chips and Salsa,9.99
Walsh and Sons,Tacos ,9.99
Walsh and Sons,Chicken Burger,8.99
Walsh and Sons,Apple Pie,11.99
Walsh and Sons,Texas BBQ,8.99
Walsh and Sons,Cajun Fries,7.99
Walsh and Sons,Onion Rings,7.99
Walsh and Sons,Chicken Fajita,9.99
Metz-Kozey,Coors Light,9.99
Metz-Kozey,Bud Ice,7.99
Metz-Kozey,Coke,1.99
Metz-Kozey,Pepsi,3.99
Metz-Kozey,Pink Lemonade,3.99
Metz-Kozey,Sprite,3.99
Metz-Kozey,Cream Soda,1.99
Metz-Kozey,Drop Biscuits ,4.99
Metz-Kozey,Deep Dish Pizza Pie,7.99
Metz-Kozey,Turkey Sandwich ,8.99
Metz-Kozey,Clam Chowder,8.99
Metz-Kozey,Cajun Fries,7.99
Metz-Kozey,Deep Dish Pizza (Slice),11.99
Metz-Kozey,Chips and Salsa,8.99
Metz-Kozey,Texas BBQ,10.99
Batz Group,Blue Ribbon,8.99
Batz Group,Root Beer,2.99
Batz Group,Cream Soda,3.99
Batz Group,Fanta (Orange),1.99
Batz Group,Deep Dish Pizza Pie,10.99
Batz Group,Bean Burger,7.99
Batz Group,Deep Dish Pizza (Slice),10.99
Batz Group,Turkey Sandwich ,5.99
Batz Group,Drop Biscuits ,5.99
