0,1,2,3,4
"VonRueden, Walker and Schroeder",Janessa Kennon,Monday,1,9
"VonRueden, Walker and Schroeder",Rozanna Lawday,Monday,9,5
"VonRueden, Walker and Schroeder",Den Strethill,Monday,5,1
"VonRueden, Walker and Schroeder",Den Strethill,Tuesday,1,9
"VonRueden, Walker and Schroeder",Lyndell Clayfield,Tuesday,9,5
"VonRueden, Walker and Schroeder",Glenden Weepers,Tuesday,5,1
"VonRueden, Walker and Schroeder",Dusty Towell,Wednesday,1,9
"VonRueden, Walker and Schroeder",Baillie Dragge,Wednesday,9,5
"VonRueden, Walker and Schroeder",Caron Bentall,Wednesday,5,1
"VonRueden, Walker and Schroeder",Bone Rakestraw,Thursday,1,9
"VonRueden, Walker and Schroeder",Janessa Kennon,Thursday,9,5
"VonRueden, Walker and Schroeder",Maridel Quan,Thursday,5,1
"VonRueden, Walker and Schroeder",Constanta Errey,Friday,1,9
"VonRueden, Walker and Schroeder",Arny Portriss,Friday,9,5
"VonRueden, Walker and Schroeder",Yolande Zambon,Friday,5,1
"VonRueden, Walker and Schroeder",Sibelle Hemphall,Saturday,1,9
"VonRueden, Walker and Schroeder",Constanta Errey,Saturday,9,5
"VonRueden, Walker and Schroeder",Shari Juster,Saturday,5,1
"VonRueden, Walker and Schroeder",Bone Rakestraw,Sunday,1,9
"VonRueden, Walker and Schroeder",Jeffy Girk,Sunday,9,5
"VonRueden, Walker and Schroeder",Kalvin Golley,Sunday,5,1
Ward-Weissnat,Caron Bentall,Monday,1,9
Ward-Weissnat,Maridel Quan,Monday,9,5
Ward-Weissnat,Gib Popov,Monday,5,1
Ward-Weissnat,Eddie Vasler,Tuesday,1,9
Ward-Weissnat,Shari Juster,Tuesday,9,5
Ward-Weissnat,Sibelle Hemphall,Tuesday,5,1
Ward-Weissnat,Janessa Kennon,Wednesday,1,9
Ward-Weissnat,Northrop Sacaze,Wednesday,9,5
Ward-Weissnat,Dorrie Hammer,Wednesday,5,1
Ward-Weissnat,Arny Portriss,Thursday,1,9
Ward-Weissnat,Roanne Malby,Thursday,9,5
Ward-Weissnat,Eddie Vasler,Thursday,5,1
Ward-Weissnat,Constanta Errey,Friday,1,9
Ward-Weissnat,Lyndell Clayfield,Friday,9,5
Ward-Weissnat,Gib Popov,Friday,5,1
Ward-Weissnat,Yolande Zambon,Saturday,1,9
Ward-Weissnat,Northrop Sacaze,Saturday,9,5
Ward-Weissnat,Arny Portriss,Saturday,5,1
Ward-Weissnat,Arny Portriss,Sunday,1,9
Ward-Weissnat,Constanta Errey,Sunday,9,5
Ward-Weissnat,Baillie Dragge,Sunday,5,1
Hyatt Group,Dorrie Hammer,Monday,1,9
Hyatt Group,Kalvin Golley,Monday,9,5
Hyatt Group,Rozanna Lawday,Monday,5,1
Hyatt Group,Jeffy Girk,Tuesday,1,9
Hyatt Group,Sibelle Hemphall,Tuesday,9,5
Hyatt Group,Janessa Kennon,Tuesday,5,1
Hyatt Group,Den Strethill,Wednesday,1,9
Hyatt Group,Eddie Vasler,Wednesday,9,5
Hyatt Group,Bone Rakestraw,Wednesday,5,1
Hyatt Group,Eddie Vasler,Thursday,1,9
Hyatt Group,Lyndell Clayfield,Thursday,9,5
Hyatt Group,Baillie Dragge,Thursday,5,1
Hyatt Group,Janessa Kennon,Friday,1,9
Hyatt Group,Eddie Vasler,Friday,9,5
Hyatt Group,Kalvin Golley,Friday,5,1
Hyatt Group,Pall Abbay,Saturday,1,9
Hyatt Group,Lyndell Clayfield,Saturday,9,5
Hyatt Group,Rozanna Lawday,Saturday,5,1
Hyatt Group,Shari Juster,Sunday,1,9
Hyatt Group,Rozanna Lawday,Sunday,9,5
Hyatt Group,Reinhard Elster,Sunday,5,1
"Rippin, Zieme and Bosco",Caron Bentall,Monday,1,9
"Rippin, Zieme and Bosco",Constanta Errey,Monday,9,5
"Rippin, Zieme and Bosco",Northrop Sacaze,Monday,5,1
"Rippin, Zieme and Bosco",Kalvin Golley,Tuesday,1,9
"Rippin, Zieme and Bosco",Lyndell Clayfield,Tuesday,9,5
"Rippin, Zieme and Bosco",Baillie Dragge,Tuesday,5,1
"Rippin, Zieme and Bosco",Glenden Weepers,Wednesday,1,9
"Rippin, Zieme and Bosco",Gib Popov,Wednesday,9,5
"Rippin, Zieme and Bosco",Dusty Towell,Wednesday,5,1
"Rippin, Zieme and Bosco",Janessa Kennon,Thursday,1,9
"Rippin, Zieme and Bosco",Caron Bentall,Thursday,9,5
"Rippin, Zieme and Bosco",Kalvin Golley,Thursday,5,1
"Rippin, Zieme and Bosco",Shari Juster,Friday,1,9
"Rippin, Zieme and Bosco",Kalvin Golley,Friday,9,5
"Rippin, Zieme and Bosco",Roxy Bedin,Friday,5,1
"Rippin, Zieme and Bosco",Sibelle Hemphall,Saturday,1,9
"Rippin, Zieme and Bosco",Northrop Sacaze,Saturday,9,5
"Rippin, Zieme and Bosco",Baillie Dragge,Saturday,5,1
"Rippin, Zieme and Bosco",Pall Abbay,Sunday,1,9
"Rippin, Zieme and Bosco",Gib Popov,Sunday,9,5
"Rippin, Zieme and Bosco",Yolande Zambon,Sunday,5,1
"Thompson, Parker and Schneider",Pall Abbay,Monday,1,9
"Thompson, Parker and Schneider",Janessa Kennon,Monday,9,5
"Thompson, Parker and Schneider",Caron Bentall,Monday,5,1
"Thompson, Parker and Schneider",Janessa Kennon,Tuesday,1,9
"Thompson, Parker and Schneider",Shari Juster,Tuesday,9,5
"Thompson, Parker and Schneider",Eddie Vasler,Tuesday,5,1
"Thompson, Parker and Schneider",Bone Rakestraw,Wednesday,1,9
"Thompson, Parker and Schneider",Jeffy Girk,Wednesday,9,5
"Thompson, Parker and Schneider",Reinhard Elster,Wednesday,5,1
"Thompson, Parker and Schneider",Pall Abbay,Thursday,1,9
"Thompson, Parker and Schneider",Gib Popov,Thursday,9,5
"Thompson, Parker and Schneider",Jeffy Girk,Thursday,5,1
"Thompson, Parker and Schneider",Baillie Dragge,Friday,1,9
"Thompson, Parker and Schneider",Rozanna Lawday,Friday,9,5
"Thompson, Parker and Schneider",Roxy Bedin,Friday,5,1
"Thompson, Parker and Schneider",Kalvin Golley,Saturday,1,9
"Thompson, Parker and Schneider",Dorrie Hammer,Saturday,9,5
"Thompson, Parker and Schneider",Sibelle Hemphall,Saturday,5,1
"Thompson, Parker and Schneider",Caron Bentall,Sunday,1,9
"Thompson, Parker and Schneider",Glenden Weepers,Sunday,9,5
"Thompson, Parker and Schneider",Rozanna Lawday,Sunday,5,1
Frami LLC,Bone Rakestraw,Monday,1,9
Frami LLC,Pall Abbay,Monday,9,5
Frami LLC,Caron Bentall,Monday,5,1
Frami LLC,Constanta Errey,Tuesday,1,9
Frami LLC,Maridel Quan,Tuesday,9,5
Frami LLC,Eddie Vasler,Tuesday,5,1
Frami LLC,Arny Portriss,Wednesday,1,9
Frami LLC,Maridel Quan,Wednesday,9,5
Frami LLC,Pall Abbay,Wednesday,5,1
Frami LLC,Sibelle Hemphall,Thursday,1,9
Frami LLC,Rozanna Lawday,Thursday,9,5
Frami LLC,Lyndell Clayfield,Thursday,5,1
Frami LLC,Dusty Towell,Friday,1,9
Frami LLC,Reinhard Elster,Friday,9,5
Frami LLC,Northrop Sacaze,Friday,5,1
Frami LLC,Northrop Sacaze,Saturday,1,9
Frami LLC,Pall Abbay,Saturday,9,5
Frami LLC,Jeffy Girk,Saturday,5,1
Frami LLC,Northrop Sacaze,Sunday,1,9
Frami LLC,Yolande Zambon,Sunday,9,5
Frami LLC,Reinhard Elster,Sunday,5,1
Rodriguez-Carter,Roxy Bedin,Monday,1,9
Rodriguez-Carter,Gib Popov,Monday,9,5
Rodriguez-Carter,Eddie Vasler,Monday,5,1
Rodriguez-Carter,Arny Portriss,Tuesday,1,9
Rodriguez-Carter,Janessa Kennon,Tuesday,9,5
Rodriguez-Carter,Dorrie Hammer,Tuesday,5,1
Rodriguez-Carter,Roxy Bedin,Wednesday,1,9
Rodriguez-Carter,Shari Juster,Wednesday,9,5
Rodriguez-Carter,Arny Portriss,Wednesday,5,1
Rodriguez-Carter,Constanta Errey,Thursday,1,9
Rodriguez-Carter,Roxy Bedin,Thursday,9,5
Rodriguez-Carter,Dorrie Hammer,Thursday,5,1
Rodriguez-Carter,Rozanna Lawday,Friday,1,9
Rodriguez-Carter,Reinhard Elster,Friday,9,5
Rodriguez-Carter,Jeffy Girk,Friday,5,1
Rodriguez-Carter,Lyndell Clayfield,Saturday,1,9
Rodriguez-Carter,Janessa Kennon,Saturday,9,5
Rodriguez-Carter,Sibelle Hemphall,Saturday,5,1
Rodriguez-Carter,Gib Popov,Sunday,1,9
Rodriguez-Carter,Eddie Vasler,Sunday,9,5
Rodriguez-Carter,Lyndell Clayfield,Sunday,5,1
"Bode, Kreiger and Abernathy",Dorrie Hammer,Monday,1,9
"Bode, Kreiger and Abernathy",Yolande Zambon,Monday,9,5
"Bode, Kreiger and Abernathy",Sibelle Hemphall,Monday,5,1
"Bode, Kreiger and Abernathy",Sibelle Hemphall,Tuesday,1,9
"Bode, Kreiger and Abernathy",Jeffy Girk,Tuesday,9,5
"Bode, Kreiger and Abernathy",Janessa Kennon,Tuesday,5,1
"Bode, Kreiger and Abernathy",Maridel Quan,Wednesday,1,9
"Bode, Kreiger and Abernathy",Roanne Malby,Wednesday,9,5
"Bode, Kreiger and Abernathy",Glenden Weepers,Wednesday,5,1
"Bode, Kreiger and Abernathy",Lyndell Clayfield,Thursday,1,9
"Bode, Kreiger and Abernathy",Gib Popov,Thursday,9,5
"Bode, Kreiger and Abernathy",Kalvin Golley,Thursday,5,1
"Bode, Kreiger and Abernathy",Eddie Vasler,Friday,1,9
"Bode, Kreiger and Abernathy",Caron Bentall,Friday,9,5
"Bode, Kreiger and Abernathy",Jeffy Girk,Friday,5,1
"Bode, Kreiger and Abernathy",Constanta Errey,Saturday,1,9
"Bode, Kreiger and Abernathy",Reinhard Elster,Saturday,9,5
"Bode, Kreiger and Abernathy",Den Strethill,Saturday,5,1
"Bode, Kreiger and Abernathy",Maridel Quan,Sunday,1,9
"Bode, Kreiger and Abernathy",Kalvin Golley,Sunday,9,5
"Bode, Kreiger and Abernathy",Pall Abbay,Sunday,5,1
Rolfson Inc,Pall Abbay,Monday,1,9
Rolfson Inc,Rozanna Lawday,Monday,9,5
Rolfson Inc,Sibelle Hemphall,Monday,5,1
Rolfson Inc,Lyndell Clayfield,Tuesday,1,9
Rolfson Inc,Pall Abbay,Tuesday,9,5
Rolfson Inc,Arny Portriss,Tuesday,5,1
Rolfson Inc,Reinhard Elster,Wednesday,1,9
Rolfson Inc,Jeffy Girk,Wednesday,9,5
Rolfson Inc,Rozanna Lawday,Wednesday,5,1
Rolfson Inc,Rozanna Lawday,Thursday,1,9
Rolfson Inc,Den Strethill,Thursday,9,5
Rolfson Inc,Constanta Errey,Thursday,5,1
Rolfson Inc,Janessa Kennon,Friday,1,9
Rolfson Inc,Roxy Bedin,Friday,9,5
Rolfson Inc,Gib Popov,Friday,5,1
Rolfson Inc,Pall Abbay,Saturday,1,9
Rolfson Inc,Dusty Towell,Saturday,9,5
Rolfson Inc,Baillie Dragge,Saturday,5,1
Rolfson Inc,Bone Rakestraw,Sunday,1,9
Rolfson Inc,Reinhard Elster,Sunday,9,5
Rolfson Inc,Sibelle Hemphall,Sunday,5,1
"Sipes, Mueller and Walker",Reinhard Elster,Monday,1,9
"Sipes, Mueller and Walker",Arny Portriss,Monday,9,5
"Sipes, Mueller and Walker",Dorrie Hammer,Monday,5,1
"Sipes, Mueller and Walker",Kalvin Golley,Tuesday,1,9
"Sipes, Mueller and Walker",Dorrie Hammer,Tuesday,9,5
"Sipes, Mueller and Walker",Glenden Weepers,Tuesday,5,1
"Sipes, Mueller and Walker",Janessa Kennon,Wednesday,1,9
"Sipes, Mueller and Walker",Arny Portriss,Wednesday,9,5
"Sipes, Mueller and Walker",Lyndell Clayfield,Wednesday,5,1
"Sipes, Mueller and Walker",Pall Abbay,Thursday,1,9
"Sipes, Mueller and Walker",Baillie Dragge,Thursday,9,5
"Sipes, Mueller and Walker",Gib Popov,Thursday,5,1
"Sipes, Mueller and Walker",Roxy Bedin,Friday,1,9
"Sipes, Mueller and Walker",Dusty Towell,Friday,9,5
"Sipes, Mueller and Walker",Gib Popov,Friday,5,1
"Sipes, Mueller and Walker",Shari Juster,Saturday,1,9
"Sipes, Mueller and Walker",Kalvin Golley,Saturday,9,5
"Sipes, Mueller and Walker",Dusty Towell,Saturday,5,1
"Sipes, Mueller and Walker",Lyndell Clayfield,Sunday,1,9
"Sipes, Mueller and Walker",Dorrie Hammer,Sunday,9,5
"Sipes, Mueller and Walker",Dusty Towell,Sunday,5,1
Dicki-Kuphal,Dusty Towell,Monday,1,9
Dicki-Kuphal,Caron Bentall,Monday,9,5
Dicki-Kuphal,Baillie Dragge,Monday,5,1
Dicki-Kuphal,Glenden Weepers,Tuesday,1,9
Dicki-Kuphal,Yolande Zambon,Tuesday,9,5
Dicki-Kuphal,Roxy Bedin,Tuesday,5,1
Dicki-Kuphal,Maridel Quan,Wednesday,1,9
Dicki-Kuphal,Northrop Sacaze,Wednesday,9,5
Dicki-Kuphal,Dorrie Hammer,Wednesday,5,1
Dicki-Kuphal,Den Strethill,Thursday,1,9
Dicki-Kuphal,Bone Rakestraw,Thursday,9,5
Dicki-Kuphal,Rozanna Lawday,Thursday,5,1
Dicki-Kuphal,Pall Abbay,Friday,1,9
Dicki-Kuphal,Bone Rakestraw,Friday,9,5
Dicki-Kuphal,Baillie Dragge,Friday,5,1
Dicki-Kuphal,Lyndell Clayfield,Saturday,1,9
Dicki-Kuphal,Glenden Weepers,Saturday,9,5
Dicki-Kuphal,Den Strethill,Saturday,5,1
Dicki-Kuphal,Roanne Malby,Sunday,1,9
Dicki-Kuphal,Yolande Zambon,Sunday,9,5
Dicki-Kuphal,Jeffy Girk,Sunday,5,1
Jakubowski-Hyatt,Reinhard Elster,Monday,1,9
Jakubowski-Hyatt,Den Strethill,Monday,9,5
Jakubowski-Hyatt,Glenden Weepers,Monday,5,1
Jakubowski-Hyatt,Janessa Kennon,Tuesday,1,9
Jakubowski-Hyatt,Maridel Quan,Tuesday,9,5
Jakubowski-Hyatt,Caron Bentall,Tuesday,5,1
Jakubowski-Hyatt,Dorrie Hammer,Wednesday,1,9
Jakubowski-Hyatt,Roxy Bedin,Wednesday,9,5
Jakubowski-Hyatt,Northrop Sacaze,Wednesday,5,1
Jakubowski-Hyatt,Rozanna Lawday,Thursday,1,9
Jakubowski-Hyatt,Constanta Errey,Thursday,9,5
Jakubowski-Hyatt,Reinhard Elster,Thursday,5,1
Jakubowski-Hyatt,Eddie Vasler,Friday,1,9
Jakubowski-Hyatt,Constanta Errey,Friday,9,5
Jakubowski-Hyatt,Pall Abbay,Friday,5,1
Jakubowski-Hyatt,Baillie Dragge,Saturday,1,9
Jakubowski-Hyatt,Dusty Towell,Saturday,9,5
Jakubowski-Hyatt,Jeffy Girk,Saturday,5,1
Jakubowski-Hyatt,Bone Rakestraw,Sunday,1,9
Jakubowski-Hyatt,Constanta Errey,Sunday,9,5
Jakubowski-Hyatt,Maridel Quan,Sunday,5,1
"Ward, Bradtke and Heathcote",Sibelle Hemphall,Monday,1,9
"Ward, Bradtke and Heathcote",Shari Juster,Monday,9,5
"Ward, Bradtke and Heathcote",Jeffy Girk,Monday,5,1
"Ward, Bradtke and Heathcote",Bone Rakestraw,Tuesday,1,9
"Ward, Bradtke and Heathcote",Yolande Zambon,Tuesday,9,5
"Ward, Bradtke and Heathcote",Dusty Towell,Tuesday,5,1
"Ward, Bradtke and Heathcote",Kalvin Golley,Wednesday,1,9
"Ward, Bradtke and Heathcote",Reinhard Elster,Wednesday,9,5
"Ward, Bradtke and Heathcote",Bone Rakestraw,Wednesday,5,1
"Ward, Bradtke and Heathcote",Janessa Kennon,Thursday,1,9
"Ward, Bradtke and Heathcote",Shari Juster,Thursday,9,5
"Ward, Bradtke and Heathcote",Roxy Bedin,Thursday,5,1
"Ward, Bradtke and Heathcote",Reinhard Elster,Friday,1,9
"Ward, Bradtke and Heathcote",Roanne Malby,Friday,9,5
"Ward, Bradtke and Heathcote",Bone Rakestraw,Friday,5,1
"Ward, Bradtke and Heathcote",Gib Popov,Saturday,1,9
"Ward, Bradtke and Heathcote",Arny Portriss,Saturday,9,5
"Ward, Bradtke and Heathcote",Dusty Towell,Saturday,5,1
"Ward, Bradtke and Heathcote",Caron Bentall,Sunday,1,9
"Ward, Bradtke and Heathcote",Bone Rakestraw,Sunday,9,5
"Ward, Bradtke and Heathcote",Gib Popov,Sunday,5,1
"Boyle, Schowalter and McClure",Shari Juster,Monday,1,9
"Boyle, Schowalter and McClure",Dusty Towell,Monday,9,5
"Boyle, Schowalter and McClure",Roanne Malby,Monday,5,1
"Boyle, Schowalter and McClure",Northrop Sacaze,Tuesday,1,9
"Boyle, Schowalter and McClure",Pall Abbay,Tuesday,9,5
"Boyle, Schowalter and McClure",Janessa Kennon,Tuesday,5,1
"Boyle, Schowalter and McClure",Sibelle Hemphall,Wednesday,1,9
"Boyle, Schowalter and McClure",Arny Portriss,Wednesday,9,5
"Boyle, Schowalter and McClure",Dorrie Hammer,Wednesday,5,1
"Boyle, Schowalter and McClure",Arny Portriss,Thursday,1,9
"Boyle, Schowalter and McClure",Northrop Sacaze,Thursday,9,5
"Boyle, Schowalter and McClure",Roanne Malby,Thursday,5,1
"Boyle, Schowalter and McClure",Roxy Bedin,Friday,1,9
"Boyle, Schowalter and McClure",Northrop Sacaze,Friday,9,5
"Boyle, Schowalter and McClure",Yolande Zambon,Friday,5,1
"Boyle, Schowalter and McClure",Pall Abbay,Saturday,1,9
"Boyle, Schowalter and McClure",Constanta Errey,Saturday,9,5
"Boyle, Schowalter and McClure",Den Strethill,Saturday,5,1
"Boyle, Schowalter and McClure",Pall Abbay,Sunday,1,9
"Boyle, Schowalter and McClure",Bone Rakestraw,Sunday,9,5
"Boyle, Schowalter and McClure",Maridel Quan,Sunday,5,1
Mraz-Schmeler,Kalvin Golley,Monday,1,9
Mraz-Schmeler,Baillie Dragge,Monday,9,5
Mraz-Schmeler,Dorrie Hammer,Monday,5,1
Mraz-Schmeler,Dusty Towell,Tuesday,1,9
Mraz-Schmeler,Caron Bentall,Tuesday,9,5
Mraz-Schmeler,Baillie Dragge,Tuesday,5,1
Mraz-Schmeler,Northrop Sacaze,Wednesday,1,9
Mraz-Schmeler,Dorrie Hammer,Wednesday,9,5
Mraz-Schmeler,Roxy Bedin,Wednesday,5,1
Mraz-Schmeler,Roxy Bedin,Thursday,1,9
Mraz-Schmeler,Lyndell Clayfield,Thursday,9,5
Mraz-Schmeler,Glenden Weepers,Thursday,5,1
Mraz-Schmeler,Shari Juster,Friday,1,9
Mraz-Schmeler,Reinhard Elster,Friday,9,5
Mraz-Schmeler,Kalvin Golley,Friday,5,1
Mraz-Schmeler,Maridel Quan,Saturday,1,9
Mraz-Schmeler,Gib Popov,Saturday,9,5
Mraz-Schmeler,Yolande Zambon,Saturday,5,1
Mraz-Schmeler,Dorrie Hammer,Sunday,1,9
Mraz-Schmeler,Gib Popov,Sunday,9,5
Mraz-Schmeler,Arny Portriss,Sunday,5,1
Klocko LLC,Roanne Malby,Monday,1,9
Klocko LLC,Janessa Kennon,Monday,9,5
Klocko LLC,Sibelle Hemphall,Monday,5,1
Klocko LLC,Shari Juster,Tuesday,1,9
Klocko LLC,Roanne Malby,Tuesday,9,5
Klocko LLC,Yolande Zambon,Tuesday,5,1
Klocko LLC,Arny Portriss,Wednesday,1,9
Klocko LLC,Den Strethill,Wednesday,9,5
Klocko LLC,Jeffy Girk,Wednesday,5,1
Klocko LLC,Maridel Quan,Thursday,1,9
Klocko LLC,Kalvin Golley,Thursday,9,5
Klocko LLC,Constanta Errey,Thursday,5,1
Klocko LLC,Gib Popov,Friday,1,9
Klocko LLC,Rozanna Lawday,Friday,9,5
Klocko LLC,Baillie Dragge,Friday,5,1
Klocko LLC,Den Strethill,Saturday,1,9
Klocko LLC,Baillie Dragge,Saturday,9,5
Klocko LLC,Gib Popov,Saturday,5,1
Klocko LLC,Bone Rakestraw,Sunday,1,9
Klocko LLC,Baillie Dragge,Sunday,9,5
Klocko LLC,Sibelle Hemphall,Sunday,5,1
Rohan-Sipes,Lyndell Clayfield,Monday,1,9
Rohan-Sipes,Gib Popov,Monday,9,5
Rohan-Sipes,Yolande Zambon,Monday,5,1
Rohan-Sipes,Constanta Errey,Tuesday,1,9
Rohan-Sipes,Glenden Weepers,Tuesday,9,5
Rohan-Sipes,Jeffy Girk,Tuesday,5,1
Rohan-Sipes,Shari Juster,Wednesday,1,9
Rohan-Sipes,Glenden Weepers,Wednesday,9,5
Rohan-Sipes,Lyndell Clayfield,Wednesday,5,1
Rohan-Sipes,Rozanna Lawday,Thursday,1,9
Rohan-Sipes,Gib Popov,Thursday,9,5
Rohan-Sipes,Pall Abbay,Thursday,5,1
Rohan-Sipes,Kalvin Golley,Friday,1,9
Rohan-Sipes,Bone Rakestraw,Friday,9,5
Rohan-Sipes,Dorrie Hammer,Friday,5,1
Rohan-Sipes,Northrop Sacaze,Saturday,1,9
Rohan-Sipes,Constanta Errey,Saturday,9,5
Rohan-Sipes,Dorrie Hammer,Saturday,5,1
Rohan-Sipes,Shari Juster,Sunday,1,9
Rohan-Sipes,Northrop Sacaze,Sunday,9,5
Rohan-Sipes,Dorrie Hammer,Sunday,5,1
Abshire-Mante,Jeffy Girk,Monday,1,9
Abshire-Mante,Roanne Malby,Monday,9,5
Abshire-Mante,Baillie Dragge,Monday,5,1
Abshire-Mante,Janessa Kennon,Tuesday,1,9
Abshire-Mante,Reinhard Elster,Tuesday,9,5
Abshire-Mante,Gib Popov,Tuesday,5,1
Abshire-Mante,Northrop Sacaze,Wednesday,1,9
Abshire-Mante,Jeffy Girk,Wednesday,9,5
Abshire-Mante,Den Strethill,Wednesday,5,1
Abshire-Mante,Eddie Vasler,Thursday,1,9
Abshire-Mante,Rozanna Lawday,Thursday,9,5
Abshire-Mante,Arny Portriss,Thursday,5,1
Abshire-Mante,Lyndell Clayfield,Friday,1,9
Abshire-Mante,Caron Bentall,Friday,9,5
Abshire-Mante,Northrop Sacaze,Friday,5,1
Abshire-Mante,Gib Popov,Saturday,1,9
Abshire-Mante,Caron Bentall,Saturday,9,5
Abshire-Mante,Baillie Dragge,Saturday,5,1
Abshire-Mante,Dusty Towell,Sunday,1,9
Abshire-Mante,Pall Abbay,Sunday,9,5
Abshire-Mante,Sibelle Hemphall,Sunday,5,1
"Kutch, Connelly and Wiza",Yolande Zambon,Monday,1,9
"Kutch, Connelly and Wiza",Gib Popov,Monday,9,5
"Kutch, Connelly and Wiza",Roxy Bedin,Monday,5,1
"Kutch, Connelly and Wiza",Lyndell Clayfield,Tuesday,1,9
"Kutch, Connelly and Wiza",Pall Abbay,Tuesday,9,5
"Kutch, Connelly and Wiza",Glenden Weepers,Tuesday,5,1
"Kutch, Connelly and Wiza",Northrop Sacaze,Wednesday,1,9
"Kutch, Connelly and Wiza",Kalvin Golley,Wednesday,9,5
"Kutch, Connelly and Wiza",Bone Rakestraw,Wednesday,5,1
"Kutch, Connelly and Wiza",Arny Portriss,Thursday,1,9
"Kutch, Connelly and Wiza",Shari Juster,Thursday,9,5
"Kutch, Connelly and Wiza",Baillie Dragge,Thursday,5,1
"Kutch, Connelly and Wiza",Sibelle Hemphall,Friday,1,9
"Kutch, Connelly and Wiza",Arny Portriss,Friday,9,5
"Kutch, Connelly and Wiza",Jeffy Girk,Friday,5,1
"Kutch, Connelly and Wiza",Rozanna Lawday,Saturday,1,9
"Kutch, Connelly and Wiza",Constanta Errey,Saturday,9,5
"Kutch, Connelly and Wiza",Gib Popov,Saturday,5,1
"Kutch, Connelly and Wiza",Reinhard Elster,Sunday,1,9
"Kutch, Connelly and Wiza",Bone Rakestraw,Sunday,9,5
"Kutch, Connelly and Wiza",Baillie Dragge,Sunday,5,1
Windler LLC,Jeffy Girk,Monday,1,9
Windler LLC,Dorrie Hammer,Monday,9,5
Windler LLC,Shari Juster,Monday,5,1
Windler LLC,Constanta Errey,Tuesday,1,9
Windler LLC,Maridel Quan,Tuesday,9,5
Windler LLC,Bone Rakestraw,Tuesday,5,1
Windler LLC,Baillie Dragge,Wednesday,1,9
Windler LLC,Roxy Bedin,Wednesday,9,5
Windler LLC,Roanne Malby,Wednesday,5,1
Windler LLC,Caron Bentall,Thursday,1,9
Windler LLC,Arny Portriss,Thursday,9,5
Windler LLC,Dusty Towell,Thursday,5,1
Windler LLC,Maridel Quan,Friday,1,9
Windler LLC,Eddie Vasler,Friday,9,5
Windler LLC,Arny Portriss,Friday,5,1
Windler LLC,Lyndell Clayfield,Saturday,1,9
Windler LLC,Sibelle Hemphall,Saturday,9,5
Windler LLC,Pall Abbay,Saturday,5,1
Windler LLC,Dusty Towell,Sunday,1,9
Windler LLC,Jeffy Girk,Sunday,9,5
Windler LLC,Gib Popov,Sunday,5,1
Maggio-Crona,Janessa Kennon,Monday,1,9
Maggio-Crona,Constanta Errey,Monday,9,5
Maggio-Crona,Eddie Vasler,Monday,5,1
Maggio-Crona,Den Strethill,Tuesday,1,9
Maggio-Crona,Baillie Dragge,Tuesday,9,5
Maggio-Crona,Dusty Towell,Tuesday,5,1
Maggio-Crona,Dusty Towell,Wednesday,1,9
Maggio-Crona,Maridel Quan,Wednesday,9,5
Maggio-Crona,Lyndell Clayfield,Wednesday,5,1
Maggio-Crona,Bone Rakestraw,Thursday,1,9
Maggio-Crona,Den Strethill,Thursday,9,5
Maggio-Crona,Arny Portriss,Thursday,5,1
Maggio-Crona,Pall Abbay,Friday,1,9
Maggio-Crona,Glenden Weepers,Friday,9,5
Maggio-Crona,Kalvin Golley,Friday,5,1
Maggio-Crona,Dorrie Hammer,Saturday,1,9
Maggio-Crona,Den Strethill,Saturday,9,5
Maggio-Crona,Sibelle Hemphall,Saturday,5,1
Maggio-Crona,Shari Juster,Sunday,1,9
Maggio-Crona,Eddie Vasler,Sunday,9,5
Maggio-Crona,Bone Rakestraw,Sunday,5,1
Collier-Dicki,Yolande Zambon,Monday,1,9
Collier-Dicki,Shari Juster,Monday,9,5
Collier-Dicki,Rozanna Lawday,Monday,5,1
Collier-Dicki,Yolande Zambon,Tuesday,1,9
Collier-Dicki,Lyndell Clayfield,Tuesday,9,5
Collier-Dicki,Caron Bentall,Tuesday,5,1
Collier-Dicki,Kalvin Golley,Wednesday,1,9
Collier-Dicki,Lyndell Clayfield,Wednesday,9,5
Collier-Dicki,Constanta Errey,Wednesday,5,1
Collier-Dicki,Reinhard Elster,Thursday,1,9
Collier-Dicki,Maridel Quan,Thursday,9,5
Collier-Dicki,Dusty Towell,Thursday,5,1
Collier-Dicki,Kalvin Golley,Friday,1,9
Collier-Dicki,Janessa Kennon,Friday,9,5
Collier-Dicki,Reinhard Elster,Friday,5,1
Collier-Dicki,Den Strethill,Saturday,1,9
Collier-Dicki,Northrop Sacaze,Saturday,9,5
Collier-Dicki,Yolande Zambon,Saturday,5,1
Collier-Dicki,Gib Popov,Sunday,1,9
Collier-Dicki,Bone Rakestraw,Sunday,9,5
Collier-Dicki,Lyndell Clayfield,Sunday,5,1
"Hansen, Hodkiewicz and Kessler",Jeffy Girk,Monday,1,9
"Hansen, Hodkiewicz and Kessler",Caron Bentall,Monday,9,5
"Hansen, Hodkiewicz and Kessler",Maridel Quan,Monday,5,1
"Hansen, Hodkiewicz and Kessler",Eddie Vasler,Tuesday,1,9
"Hansen, Hodkiewicz and Kessler",Janessa Kennon,Tuesday,9,5
"Hansen, Hodkiewicz and Kessler",Baillie Dragge,Tuesday,5,1
"Hansen, Hodkiewicz and Kessler",Janessa Kennon,Wednesday,1,9
"Hansen, Hodkiewicz and Kessler",Glenden Weepers,Wednesday,9,5
"Hansen, Hodkiewicz and Kessler",Lyndell Clayfield,Wednesday,5,1
"Hansen, Hodkiewicz and Kessler",Dorrie Hammer,Thursday,1,9
"Hansen, Hodkiewicz and Kessler",Lyndell Clayfield,Thursday,9,5
"Hansen, Hodkiewicz and Kessler",Shari Juster,Thursday,5,1
"Hansen, Hodkiewicz and Kessler",Dorrie Hammer,Friday,1,9
"Hansen, Hodkiewicz and Kessler",Northrop Sacaze,Friday,9,5
"Hansen, Hodkiewicz and Kessler",Janessa Kennon,Friday,5,1
"Hansen, Hodkiewicz and Kessler",Gib Popov,Saturday,1,9
"Hansen, Hodkiewicz and Kessler",Arny Portriss,Saturday,9,5
"Hansen, Hodkiewicz and Kessler",Maridel Quan,Saturday,5,1
"Hansen, Hodkiewicz and Kessler",Reinhard Elster,Sunday,1,9
"Hansen, Hodkiewicz and Kessler",Rozanna Lawday,Sunday,9,5
"Hansen, Hodkiewicz and Kessler",Baillie Dragge,Sunday,5,1
Hermiston-Mayer,Caron Bentall,Monday,1,9
Hermiston-Mayer,Yolande Zambon,Monday,9,5
Hermiston-Mayer,Jeffy Girk,Monday,5,1
Hermiston-Mayer,Pall Abbay,Tuesday,1,9
Hermiston-Mayer,Dusty Towell,Tuesday,9,5
Hermiston-Mayer,Lyndell Clayfield,Tuesday,5,1
Hermiston-Mayer,Lyndell Clayfield,Wednesday,1,9
Hermiston-Mayer,Sibelle Hemphall,Wednesday,9,5
Hermiston-Mayer,Kalvin Golley,Wednesday,5,1
Hermiston-Mayer,Northrop Sacaze,Thursday,1,9
Hermiston-Mayer,Bone Rakestraw,Thursday,9,5
Hermiston-Mayer,Roxy Bedin,Thursday,5,1
Hermiston-Mayer,Reinhard Elster,Friday,1,9
Hermiston-Mayer,Janessa Kennon,Friday,9,5
Hermiston-Mayer,Roanne Malby,Friday,5,1
Hermiston-Mayer,Janessa Kennon,Saturday,1,9
Hermiston-Mayer,Den Strethill,Saturday,9,5
Hermiston-Mayer,Arny Portriss,Saturday,5,1
Hermiston-Mayer,Den Strethill,Sunday,1,9
Hermiston-Mayer,Arny Portriss,Sunday,9,5
Hermiston-Mayer,Janessa Kennon,Sunday,5,1
Hodkiewicz Inc,Rozanna Lawday,Monday,1,9
Hodkiewicz Inc,Dorrie Hammer,Monday,9,5
Hodkiewicz Inc,Reinhard Elster,Monday,5,1
Hodkiewicz Inc,Yolande Zambon,Tuesday,1,9
Hodkiewicz Inc,Janessa Kennon,Tuesday,9,5
Hodkiewicz Inc,Eddie Vasler,Tuesday,5,1
Hodkiewicz Inc,Caron Bentall,Wednesday,1,9
Hodkiewicz Inc,Roxy Bedin,Wednesday,9,5
Hodkiewicz Inc,Reinhard Elster,Wednesday,5,1
Hodkiewicz Inc,Baillie Dragge,Thursday,1,9
Hodkiewicz Inc,Dusty Towell,Thursday,9,5
Hodkiewicz Inc,Constanta Errey,Thursday,5,1
Hodkiewicz Inc,Constanta Errey,Friday,1,9
Hodkiewicz Inc,Dusty Towell,Friday,9,5
Hodkiewicz Inc,Lyndell Clayfield,Friday,5,1
Hodkiewicz Inc,Lyndell Clayfield,Saturday,1,9
Hodkiewicz Inc,Gib Popov,Saturday,9,5
Hodkiewicz Inc,Northrop Sacaze,Saturday,5,1
Hodkiewicz Inc,Glenden Weepers,Sunday,1,9
Hodkiewicz Inc,Jeffy Girk,Sunday,9,5
Hodkiewicz Inc,Eddie Vasler,Sunday,5,1
"Hauck, Hettinger and Hills",Pall Abbay,Monday,1,9
"Hauck, Hettinger and Hills",Reinhard Elster,Monday,9,5
"Hauck, Hettinger and Hills",Baillie Dragge,Monday,5,1
"Hauck, Hettinger and Hills",Lyndell Clayfield,Tuesday,1,9
"Hauck, Hettinger and Hills",Pall Abbay,Tuesday,9,5
"Hauck, Hettinger and Hills",Janessa Kennon,Tuesday,5,1
"Hauck, Hettinger and Hills",Caron Bentall,Wednesday,1,9
"Hauck, Hettinger and Hills",Dusty Towell,Wednesday,9,5
"Hauck, Hettinger and Hills",Gib Popov,Wednesday,5,1
"Hauck, Hettinger and Hills",Baillie Dragge,Thursday,1,9
"Hauck, Hettinger and Hills",Jeffy Girk,Thursday,9,5
"Hauck, Hettinger and Hills",Lyndell Clayfield,Thursday,5,1
"Hauck, Hettinger and Hills",Jeffy Girk,Friday,1,9
"Hauck, Hettinger and Hills",Lyndell Clayfield,Friday,9,5
"Hauck, Hettinger and Hills",Northrop Sacaze,Friday,5,1
"Hauck, Hettinger and Hills",Constanta Errey,Saturday,1,9
"Hauck, Hettinger and Hills",Baillie Dragge,Saturday,9,5
"Hauck, Hettinger and Hills",Northrop Sacaze,Saturday,5,1
"Hauck, Hettinger and Hills",Kalvin Golley,Sunday,1,9
"Hauck, Hettinger and Hills",Maridel Quan,Sunday,9,5
"Hauck, Hettinger and Hills",Yolande Zambon,Sunday,5,1
McLaughlin and Sons,Janessa Kennon,Monday,1,9
McLaughlin and Sons,Gib Popov,Monday,9,5
McLaughlin and Sons,Glenden Weepers,Monday,5,1
McLaughlin and Sons,Lyndell Clayfield,Tuesday,1,9
McLaughlin and Sons,Den Strethill,Tuesday,9,5
McLaughlin and Sons,Yolande Zambon,Tuesday,5,1
McLaughlin and Sons,Den Strethill,Wednesday,1,9
McLaughlin and Sons,Jeffy Girk,Wednesday,9,5
McLaughlin and Sons,Gib Popov,Wednesday,5,1
McLaughlin and Sons,Maridel Quan,Thursday,1,9
McLaughlin and Sons,Roxy Bedin,Thursday,9,5
McLaughlin and Sons,Roanne Malby,Thursday,5,1
McLaughlin and Sons,Arny Portriss,Friday,1,9
McLaughlin and Sons,Pall Abbay,Friday,9,5
McLaughlin and Sons,Jeffy Girk,Friday,5,1
McLaughlin and Sons,Janessa Kennon,Saturday,1,9
McLaughlin and Sons,Roanne Malby,Saturday,9,5
McLaughlin and Sons,Yolande Zambon,Saturday,5,1
McLaughlin and Sons,Glenden Weepers,Sunday,1,9
McLaughlin and Sons,Northrop Sacaze,Sunday,9,5
McLaughlin and Sons,Sibelle Hemphall,Sunday,5,1
Abshire Group,Gib Popov,Monday,1,9
Abshire Group,Pall Abbay,Monday,9,5
Abshire Group,Lyndell Clayfield,Monday,5,1
Abshire Group,Gib Popov,Tuesday,1,9
Abshire Group,Dorrie Hammer,Tuesday,9,5
Abshire Group,Constanta Errey,Tuesday,5,1
Abshire Group,Rozanna Lawday,Wednesday,1,9
Abshire Group,Lyndell Clayfield,Wednesday,9,5
Abshire Group,Roanne Malby,Wednesday,5,1
Abshire Group,Arny Portriss,Thursday,1,9
Abshire Group,Pall Abbay,Thursday,9,5
Abshire Group,Roxy Bedin,Thursday,5,1
Abshire Group,Kalvin Golley,Friday,1,9
Abshire Group,Northrop Sacaze,Friday,9,5
Abshire Group,Arny Portriss,Friday,5,1
Abshire Group,Arny Portriss,Saturday,1,9
Abshire Group,Jeffy Girk,Saturday,9,5
Abshire Group,Baillie Dragge,Saturday,5,1
Abshire Group,Sibelle Hemphall,Sunday,1,9
Abshire Group,Yolande Zambon,Sunday,9,5
Abshire Group,Eddie Vasler,Sunday,5,1
Lubowitz and Sons,Roanne Malby,Monday,1,9
Lubowitz and Sons,Rozanna Lawday,Monday,9,5
Lubowitz and Sons,Yolande Zambon,Monday,5,1
Lubowitz and Sons,Reinhard Elster,Tuesday,1,9
Lubowitz and Sons,Roanne Malby,Tuesday,9,5
Lubowitz and Sons,Baillie Dragge,Tuesday,5,1
Lubowitz and Sons,Den Strethill,Wednesday,1,9
Lubowitz and Sons,Eddie Vasler,Wednesday,9,5
Lubowitz and Sons,Rozanna Lawday,Wednesday,5,1
Lubowitz and Sons,Reinhard Elster,Thursday,1,9
Lubowitz and Sons,Constanta Errey,Thursday,9,5
Lubowitz and Sons,Jeffy Girk,Thursday,5,1
Lubowitz and Sons,Lyndell Clayfield,Friday,1,9
Lubowitz and Sons,Glenden Weepers,Friday,9,5
Lubowitz and Sons,Maridel Quan,Friday,5,1
Lubowitz and Sons,Den Strethill,Saturday,1,9
Lubowitz and Sons,Bone Rakestraw,Saturday,9,5
Lubowitz and Sons,Janessa Kennon,Saturday,5,1
Lubowitz and Sons,Den Strethill,Sunday,1,9
Lubowitz and Sons,Northrop Sacaze,Sunday,9,5
Lubowitz and Sons,Roanne Malby,Sunday,5,1
Marks Group,Jeffy Girk,Monday,1,9
Marks Group,Eddie Vasler,Monday,9,5
Marks Group,Den Strethill,Monday,5,1
Marks Group,Reinhard Elster,Tuesday,1,9
Marks Group,Dusty Towell,Tuesday,9,5
Marks Group,Rozanna Lawday,Tuesday,5,1
Marks Group,Roxy Bedin,Wednesday,1,9
Marks Group,Yolande Zambon,Wednesday,9,5
Marks Group,Jeffy Girk,Wednesday,5,1
Marks Group,Den Strethill,Thursday,1,9
Marks Group,Jeffy Girk,Thursday,9,5
Marks Group,Sibelle Hemphall,Thursday,5,1
Marks Group,Baillie Dragge,Friday,1,9
Marks Group,Sibelle Hemphall,Friday,9,5
Marks Group,Roanne Malby,Friday,5,1
Marks Group,Gib Popov,Saturday,1,9
Marks Group,Dorrie Hammer,Saturday,9,5
Marks Group,Maridel Quan,Saturday,5,1
Marks Group,Sibelle Hemphall,Sunday,1,9
Marks Group,Caron Bentall,Sunday,9,5
Marks Group,Pall Abbay,Sunday,5,1
"Hahn, Weber and Nader",Bone Rakestraw,Monday,1,9
"Hahn, Weber and Nader",Janessa Kennon,Monday,9,5
"Hahn, Weber and Nader",Constanta Errey,Monday,5,1
"Hahn, Weber and Nader",Baillie Dragge,Tuesday,1,9
"Hahn, Weber and Nader",Gib Popov,Tuesday,9,5
"Hahn, Weber and Nader",Roxy Bedin,Tuesday,5,1
"Hahn, Weber and Nader",Reinhard Elster,Wednesday,1,9
"Hahn, Weber and Nader",Sibelle Hemphall,Wednesday,9,5
"Hahn, Weber and Nader",Kalvin Golley,Wednesday,5,1
"Hahn, Weber and Nader",Northrop Sacaze,Thursday,1,9
"Hahn, Weber and Nader",Baillie Dragge,Thursday,9,5
"Hahn, Weber and Nader",Bone Rakestraw,Thursday,5,1
"Hahn, Weber and Nader",Bone Rakestraw,Friday,1,9
"Hahn, Weber and Nader",Janessa Kennon,Friday,9,5
"Hahn, Weber and Nader",Dorrie Hammer,Friday,5,1
"Hahn, Weber and Nader",Reinhard Elster,Saturday,1,9
"Hahn, Weber and Nader",Pall Abbay,Saturday,9,5
"Hahn, Weber and Nader",Den Strethill,Saturday,5,1
"Hahn, Weber and Nader",Kalvin Golley,Sunday,1,9
"Hahn, Weber and Nader",Shari Juster,Sunday,9,5
"Hahn, Weber and Nader",Rozanna Lawday,Sunday,5,1
O'Kon-Barton,Eddie Vasler,Monday,1,9
O'Kon-Barton,Lyndell Clayfield,Monday,9,5
O'Kon-Barton,Caron Bentall,Monday,5,1
O'Kon-Barton,Bone Rakestraw,Tuesday,1,9
O'Kon-Barton,Shari Juster,Tuesday,9,5
O'Kon-Barton,Yolande Zambon,Tuesday,5,1
O'Kon-Barton,Gib Popov,Wednesday,1,9
O'Kon-Barton,Sibelle Hemphall,Wednesday,9,5
O'Kon-Barton,Baillie Dragge,Wednesday,5,1
O'Kon-Barton,Roxy Bedin,Thursday,1,9
O'Kon-Barton,Shari Juster,Thursday,9,5
O'Kon-Barton,Baillie Dragge,Thursday,5,1
O'Kon-Barton,Rozanna Lawday,Friday,1,9
O'Kon-Barton,Kalvin Golley,Friday,9,5
O'Kon-Barton,Eddie Vasler,Friday,5,1
O'Kon-Barton,Caron Bentall,Saturday,1,9
O'Kon-Barton,Constanta Errey,Saturday,9,5
O'Kon-Barton,Glenden Weepers,Saturday,5,1
O'Kon-Barton,Rozanna Lawday,Sunday,1,9
O'Kon-Barton,Constanta Errey,Sunday,9,5
O'Kon-Barton,Lyndell Clayfield,Sunday,5,1
Schneider-Cartwright,Roanne Malby,Monday,1,9
Schneider-Cartwright,Kalvin Golley,Monday,9,5
Schneider-Cartwright,Gib Popov,Monday,5,1
Schneider-Cartwright,Shari Juster,Tuesday,1,9
Schneider-Cartwright,Pall Abbay,Tuesday,9,5
Schneider-Cartwright,Glenden Weepers,Tuesday,5,1
Schneider-Cartwright,Baillie Dragge,Wednesday,1,9
Schneider-Cartwright,Kalvin Golley,Wednesday,9,5
Schneider-Cartwright,Constanta Errey,Wednesday,5,1
Schneider-Cartwright,Lyndell Clayfield,Thursday,1,9
Schneider-Cartwright,Maridel Quan,Thursday,9,5
Schneider-Cartwright,Den Strethill,Thursday,5,1
Schneider-Cartwright,Arny Portriss,Friday,1,9
Schneider-Cartwright,Sibelle Hemphall,Friday,9,5
Schneider-Cartwright,Reinhard Elster,Friday,5,1
Schneider-Cartwright,Dusty Towell,Saturday,1,9
Schneider-Cartwright,Caron Bentall,Saturday,9,5
Schneider-Cartwright,Den Strethill,Saturday,5,1
Schneider-Cartwright,Jeffy Girk,Sunday,1,9
Schneider-Cartwright,Glenden Weepers,Sunday,9,5
Schneider-Cartwright,Constanta Errey,Sunday,5,1
Hyatt Inc,Caron Bentall,Monday,1,9
Hyatt Inc,Constanta Errey,Monday,9,5
Hyatt Inc,Baillie Dragge,Monday,5,1
Hyatt Inc,Northrop Sacaze,Tuesday,1,9
Hyatt Inc,Gib Popov,Tuesday,9,5
Hyatt Inc,Roxy Bedin,Tuesday,5,1
Hyatt Inc,Gib Popov,Wednesday,1,9
Hyatt Inc,Rozanna Lawday,Wednesday,9,5
Hyatt Inc,Baillie Dragge,Wednesday,5,1
Hyatt Inc,Sibelle Hemphall,Thursday,1,9
Hyatt Inc,Baillie Dragge,Thursday,9,5
Hyatt Inc,Jeffy Girk,Thursday,5,1
Hyatt Inc,Northrop Sacaze,Friday,1,9
Hyatt Inc,Sibelle Hemphall,Friday,9,5
Hyatt Inc,Pall Abbay,Friday,5,1
Hyatt Inc,Reinhard Elster,Saturday,1,9
Hyatt Inc,Glenden Weepers,Saturday,9,5
Hyatt Inc,Eddie Vasler,Saturday,5,1
Hyatt Inc,Dusty Towell,Sunday,1,9
Hyatt Inc,Kalvin Golley,Sunday,9,5
Hyatt Inc,Roxy Bedin,Sunday,5,1
"Schmitt, Stracke and Will",Glenden Weepers,Monday,1,9
"Schmitt, Stracke and Will",Arny Portriss,Monday,9,5
"Schmitt, Stracke and Will",Yolande Zambon,Monday,5,1
"Schmitt, Stracke and Will",Den Strethill,Tuesday,1,9
"Schmitt, Stracke and Will",Arny Portriss,Tuesday,9,5
"Schmitt, Stracke and Will",Lyndell Clayfield,Tuesday,5,1
"Schmitt, Stracke and Will",Glenden Weepers,Wednesday,1,9
"Schmitt, Stracke and Will",Kalvin Golley,Wednesday,9,5
"Schmitt, Stracke and Will",Eddie Vasler,Wednesday,5,1
"Schmitt, Stracke and Will",Lyndell Clayfield,Thursday,1,9
"Schmitt, Stracke and Will",Sibelle Hemphall,Thursday,9,5
"Schmitt, Stracke and Will",Roxy Bedin,Thursday,5,1
"Schmitt, Stracke and Will",Glenden Weepers,Friday,1,9
"Schmitt, Stracke and Will",Roxy Bedin,Friday,9,5
"Schmitt, Stracke and Will",Yolande Zambon,Friday,5,1
"Schmitt, Stracke and Will",Eddie Vasler,Saturday,1,9
"Schmitt, Stracke and Will",Bone Rakestraw,Saturday,9,5
"Schmitt, Stracke and Will",Lyndell Clayfield,Saturday,5,1
"Schmitt, Stracke and Will",Northrop Sacaze,Sunday,1,9
"Schmitt, Stracke and Will",Pall Abbay,Sunday,9,5
"Schmitt, Stracke and Will",Constanta Errey,Sunday,5,1
Haley Group,Shari Juster,Monday,1,9
Haley Group,Janessa Kennon,Monday,9,5
Haley Group,Yolande Zambon,Monday,5,1
Haley Group,Glenden Weepers,Tuesday,1,9
Haley Group,Bone Rakestraw,Tuesday,9,5
Haley Group,Rozanna Lawday,Tuesday,5,1
Haley Group,Janessa Kennon,Wednesday,1,9
Haley Group,Eddie Vasler,Wednesday,9,5
Haley Group,Shari Juster,Wednesday,5,1
Haley Group,Eddie Vasler,Thursday,1,9
Haley Group,Pall Abbay,Thursday,9,5
Haley Group,Arny Portriss,Thursday,5,1
Haley Group,Kalvin Golley,Friday,1,9
Haley Group,Roanne Malby,Friday,9,5
Haley Group,Janessa Kennon,Friday,5,1
Haley Group,Dusty Towell,Saturday,1,9
Haley Group,Kalvin Golley,Saturday,9,5
Haley Group,Yolande Zambon,Saturday,5,1
Haley Group,Dusty Towell,Sunday,1,9
Haley Group,Jeffy Girk,Sunday,9,5
Haley Group,Roanne Malby,Sunday,5,1
Jenkins and Sons,Caron Bentall,Monday,1,9
Jenkins and Sons,Den Strethill,Monday,9,5
Jenkins and Sons,Pall Abbay,Monday,5,1
Jenkins and Sons,Roanne Malby,Tuesday,1,9
Jenkins and Sons,Den Strethill,Tuesday,9,5
Jenkins and Sons,Kalvin Golley,Tuesday,5,1
Jenkins and Sons,Baillie Dragge,Wednesday,1,9
Jenkins and Sons,Constanta Errey,Wednesday,9,5
Jenkins and Sons,Maridel Quan,Wednesday,5,1
Jenkins and Sons,Den Strethill,Thursday,1,9
Jenkins and Sons,Kalvin Golley,Thursday,9,5
Jenkins and Sons,Constanta Errey,Thursday,5,1
Jenkins and Sons,Sibelle Hemphall,Friday,1,9
Jenkins and Sons,Gib Popov,Friday,9,5
Jenkins and Sons,Pall Abbay,Friday,5,1
Jenkins and Sons,Northrop Sacaze,Saturday,1,9
Jenkins and Sons,Jeffy Girk,Saturday,9,5
Jenkins and Sons,Caron Bentall,Saturday,5,1
Jenkins and Sons,Arny Portriss,Sunday,1,9
Jenkins and Sons,Roanne Malby,Sunday,9,5
Jenkins and Sons,Maridel Quan,Sunday,5,1
Schinner LLC,Caron Bentall,Monday,1,9
Schinner LLC,Baillie Dragge,Monday,9,5
Schinner LLC,Eddie Vasler,Monday,5,1
Schinner LLC,Reinhard Elster,Tuesday,1,9
Schinner LLC,Constanta Errey,Tuesday,9,5
Schinner LLC,Pall Abbay,Tuesday,5,1
Schinner LLC,Rozanna Lawday,Wednesday,1,9
Schinner LLC,Dusty Towell,Wednesday,9,5
Schinner LLC,Shari Juster,Wednesday,5,1
Schinner LLC,Baillie Dragge,Thursday,1,9
Schinner LLC,Roxy Bedin,Thursday,9,5
Schinner LLC,Arny Portriss,Thursday,5,1
Schinner LLC,Gib Popov,Friday,1,9
Schinner LLC,Eddie Vasler,Friday,9,5
Schinner LLC,Yolande Zambon,Friday,5,1
Schinner LLC,Yolande Zambon,Saturday,1,9
Schinner LLC,Roxy Bedin,Saturday,9,5
Schinner LLC,Pall Abbay,Saturday,5,1
Schinner LLC,Rozanna Lawday,Sunday,1,9
Schinner LLC,Caron Bentall,Sunday,9,5
Schinner LLC,Lyndell Clayfield,Sunday,5,1
Hayes Group,Rozanna Lawday,Monday,1,9
Hayes Group,Maridel Quan,Monday,9,5
Hayes Group,Baillie Dragge,Monday,5,1
Hayes Group,Bone Rakestraw,Tuesday,1,9
Hayes Group,Reinhard Elster,Tuesday,9,5
Hayes Group,Dusty Towell,Tuesday,5,1
Hayes Group,Shari Juster,Wednesday,1,9
Hayes Group,Reinhard Elster,Wednesday,9,5
Hayes Group,Bone Rakestraw,Wednesday,5,1
Hayes Group,Dorrie Hammer,Thursday,1,9
Hayes Group,Roxy Bedin,Thursday,9,5
Hayes Group,Eddie Vasler,Thursday,5,1
Hayes Group,Eddie Vasler,Friday,1,9
Hayes Group,Bone Rakestraw,Friday,9,5
Hayes Group,Dusty Towell,Friday,5,1
Hayes Group,Lyndell Clayfield,Saturday,1,9
Hayes Group,Dorrie Hammer,Saturday,9,5
Hayes Group,Rozanna Lawday,Saturday,5,1
Hayes Group,Constanta Errey,Sunday,1,9
Hayes Group,Gib Popov,Sunday,9,5
Hayes Group,Jeffy Girk,Sunday,5,1
Leuschke Group,Reinhard Elster,Monday,1,9
Leuschke Group,Roxy Bedin,Monday,9,5
Leuschke Group,Bone Rakestraw,Monday,5,1
Leuschke Group,Den Strethill,Tuesday,1,9
Leuschke Group,Eddie Vasler,Tuesday,9,5
Leuschke Group,Roxy Bedin,Tuesday,5,1
Leuschke Group,Constanta Errey,Wednesday,1,9
Leuschke Group,Arny Portriss,Wednesday,9,5
Leuschke Group,Dusty Towell,Wednesday,5,1
Leuschke Group,Eddie Vasler,Thursday,1,9
Leuschke Group,Constanta Errey,Thursday,9,5
Leuschke Group,Reinhard Elster,Thursday,5,1
Leuschke Group,Caron Bentall,Friday,1,9
Leuschke Group,Bone Rakestraw,Friday,9,5
Leuschke Group,Rozanna Lawday,Friday,5,1
Leuschke Group,Dusty Towell,Saturday,1,9
Leuschke Group,Kalvin Golley,Saturday,9,5
Leuschke Group,Janessa Kennon,Saturday,5,1
Leuschke Group,Constanta Errey,Sunday,1,9
Leuschke Group,Pall Abbay,Sunday,9,5
Leuschke Group,Baillie Dragge,Sunday,5,1
Klein-Ledner,Bone Rakestraw,Monday,1,9
Klein-Ledner,Sibelle Hemphall,Monday,9,5
Klein-Ledner,Roxy Bedin,Monday,5,1
Klein-Ledner,Reinhard Elster,Tuesday,1,9
Klein-Ledner,Dusty Towell,Tuesday,9,5
Klein-Ledner,Yolande Zambon,Tuesday,5,1
Klein-Ledner,Roxy Bedin,Wednesday,1,9
Klein-Ledner,Lyndell Clayfield,Wednesday,9,5
Klein-Ledner,Eddie Vasler,Wednesday,5,1
Klein-Ledner,Rozanna Lawday,Thursday,1,9
Klein-Ledner,Arny Portriss,Thursday,9,5
Klein-Ledner,Glenden Weepers,Thursday,5,1
Klein-Ledner,Dorrie Hammer,Friday,1,9
Klein-Ledner,Roanne Malby,Friday,9,5
Klein-Ledner,Bone Rakestraw,Friday,5,1
Klein-Ledner,Dorrie Hammer,Saturday,1,9
Klein-Ledner,Lyndell Clayfield,Saturday,9,5
Klein-Ledner,Constanta Errey,Saturday,5,1
Klein-Ledner,Kalvin Golley,Sunday,1,9
Klein-Ledner,Rozanna Lawday,Sunday,9,5
Klein-Ledner,Pall Abbay,Sunday,5,1
"Schroeder, Davis and Leffler",Shari Juster,Monday,1,9
"Schroeder, Davis and Leffler",Roanne Malby,Monday,9,5
"Schroeder, Davis and Leffler",Sibelle Hemphall,Monday,5,1
"Schroeder, Davis and Leffler",Gib Popov,Tuesday,1,9
"Schroeder, Davis and Leffler",Reinhard Elster,Tuesday,9,5
"Schroeder, Davis and Leffler",Jeffy Girk,Tuesday,5,1
"Schroeder, Davis and Leffler",Bone Rakestraw,Wednesday,1,9
"Schroeder, Davis and Leffler",Roxy Bedin,Wednesday,9,5
"Schroeder, Davis and Leffler",Eddie Vasler,Wednesday,5,1
"Schroeder, Davis and Leffler",Dusty Towell,Thursday,1,9
"Schroeder, Davis and Leffler",Pall Abbay,Thursday,9,5
"Schroeder, Davis and Leffler",Kalvin Golley,Thursday,5,1
"Schroeder, Davis and Leffler",Dusty Towell,Friday,1,9
"Schroeder, Davis and Leffler",Arny Portriss,Friday,9,5
"Schroeder, Davis and Leffler",Den Strethill,Friday,5,1
"Schroeder, Davis and Leffler",Dorrie Hammer,Saturday,1,9
"Schroeder, Davis and Leffler",Jeffy Girk,Saturday,9,5
"Schroeder, Davis and Leffler",Gib Popov,Saturday,5,1
"Schroeder, Davis and Leffler",Shari Juster,Sunday,1,9
"Schroeder, Davis and Leffler",Dusty Towell,Sunday,9,5
"Schroeder, Davis and Leffler",Roxy Bedin,Sunday,5,1
Schoen LLC,Roanne Malby,Monday,1,9
Schoen LLC,Roxy Bedin,Monday,9,5
Schoen LLC,Shari Juster,Monday,5,1
Schoen LLC,Gib Popov,Tuesday,1,9
Schoen LLC,Constanta Errey,Tuesday,9,5
Schoen LLC,Roxy Bedin,Tuesday,5,1
Schoen LLC,Arny Portriss,Wednesday,1,9
Schoen LLC,Den Strethill,Wednesday,9,5
Schoen LLC,Reinhard Elster,Wednesday,5,1
Schoen LLC,Maridel Quan,Thursday,1,9
Schoen LLC,Caron Bentall,Thursday,9,5
Schoen LLC,Arny Portriss,Thursday,5,1
Schoen LLC,Roxy Bedin,Friday,1,9
Schoen LLC,Gib Popov,Friday,9,5
Schoen LLC,Eddie Vasler,Friday,5,1
Schoen LLC,Janessa Kennon,Saturday,1,9
Schoen LLC,Arny Portriss,Saturday,9,5
Schoen LLC,Glenden Weepers,Saturday,5,1
Schoen LLC,Lyndell Clayfield,Sunday,1,9
Schoen LLC,Glenden Weepers,Sunday,9,5
Schoen LLC,Baillie Dragge,Sunday,5,1
"Renner, Schuster and Zboncak",Northrop Sacaze,Monday,1,9
"Renner, Schuster and Zboncak",Dusty Towell,Monday,9,5
"Renner, Schuster and Zboncak",Constanta Errey,Monday,5,1
"Renner, Schuster and Zboncak",Gib Popov,Tuesday,1,9
"Renner, Schuster and Zboncak",Sibelle Hemphall,Tuesday,9,5
"Renner, Schuster and Zboncak",Shari Juster,Tuesday,5,1
"Renner, Schuster and Zboncak",Maridel Quan,Wednesday,1,9
"Renner, Schuster and Zboncak",Shari Juster,Wednesday,9,5
"Renner, Schuster and Zboncak",Roanne Malby,Wednesday,5,1
"Renner, Schuster and Zboncak",Reinhard Elster,Thursday,1,9
"Renner, Schuster and Zboncak",Kalvin Golley,Thursday,9,5
"Renner, Schuster and Zboncak",Gib Popov,Thursday,5,1
"Renner, Schuster and Zboncak",Sibelle Hemphall,Friday,1,9
"Renner, Schuster and Zboncak",Bone Rakestraw,Friday,9,5
"Renner, Schuster and Zboncak",Roxy Bedin,Friday,5,1
"Renner, Schuster and Zboncak",Arny Portriss,Saturday,1,9
"Renner, Schuster and Zboncak",Maridel Quan,Saturday,9,5
"Renner, Schuster and Zboncak",Sibelle Hemphall,Saturday,5,1
"Renner, Schuster and Zboncak",Kalvin Golley,Sunday,1,9
"Renner, Schuster and Zboncak",Gib Popov,Sunday,9,5
"Renner, Schuster and Zboncak",Pall Abbay,Sunday,5,1
Emmerich and Sons,Baillie Dragge,Monday,1,9
Emmerich and Sons,Sibelle Hemphall,Monday,9,5
Emmerich and Sons,Gib Popov,Monday,5,1
Emmerich and Sons,Shari Juster,Tuesday,1,9
Emmerich and Sons,Lyndell Clayfield,Tuesday,9,5
Emmerich and Sons,Eddie Vasler,Tuesday,5,1
Emmerich and Sons,Reinhard Elster,Wednesday,1,9
Emmerich and Sons,Kalvin Golley,Wednesday,9,5
Emmerich and Sons,Yolande Zambon,Wednesday,5,1
Emmerich and Sons,Den Strethill,Thursday,1,9
Emmerich and Sons,Northrop Sacaze,Thursday,9,5
Emmerich and Sons,Pall Abbay,Thursday,5,1
Emmerich and Sons,Rozanna Lawday,Friday,1,9
Emmerich and Sons,Pall Abbay,Friday,9,5
Emmerich and Sons,Glenden Weepers,Friday,5,1
Emmerich and Sons,Maridel Quan,Saturday,1,9
Emmerich and Sons,Sibelle Hemphall,Saturday,9,5
Emmerich and Sons,Constanta Errey,Saturday,5,1
Emmerich and Sons,Gib Popov,Sunday,1,9
Emmerich and Sons,Dorrie Hammer,Sunday,9,5
Emmerich and Sons,Lyndell Clayfield,Sunday,5,1
"Herzog, Littel and Kunze",Rozanna Lawday,Monday,1,9
"Herzog, Littel and Kunze",Den Strethill,Monday,9,5
"Herzog, Littel and Kunze",Dorrie Hammer,Monday,5,1
"Herzog, Littel and Kunze",Northrop Sacaze,Tuesday,1,9
"Herzog, Littel and Kunze",Caron Bentall,Tuesday,9,5
"Herzog, Littel and Kunze",Dusty Towell,Tuesday,5,1
"Herzog, Littel and Kunze",Shari Juster,Wednesday,1,9
"Herzog, Littel and Kunze",Gib Popov,Wednesday,9,5
"Herzog, Littel and Kunze",Dusty Towell,Wednesday,5,1
"Herzog, Littel and Kunze",Roanne Malby,Thursday,1,9
"Herzog, Littel and Kunze",Reinhard Elster,Thursday,9,5
"Herzog, Littel and Kunze",Baillie Dragge,Thursday,5,1
"Herzog, Littel and Kunze",Janessa Kennon,Friday,1,9
"Herzog, Littel and Kunze",Sibelle Hemphall,Friday,9,5
"Herzog, Littel and Kunze",Roanne Malby,Friday,5,1
"Herzog, Littel and Kunze",Den Strethill,Saturday,1,9
"Herzog, Littel and Kunze",Shari Juster,Saturday,9,5
"Herzog, Littel and Kunze",Gib Popov,Saturday,5,1
"Herzog, Littel and Kunze",Jeffy Girk,Sunday,1,9
"Herzog, Littel and Kunze",Roxy Bedin,Sunday,9,5
"Herzog, Littel and Kunze",Eddie Vasler,Sunday,5,1
Morar-Harvey,Roxy Bedin,Monday,1,9
Morar-Harvey,Pall Abbay,Monday,9,5
Morar-Harvey,Rozanna Lawday,Monday,5,1
Morar-Harvey,Constanta Errey,Tuesday,1,9
Morar-Harvey,Caron Bentall,Tuesday,9,5
Morar-Harvey,Roxy Bedin,Tuesday,5,1
Morar-Harvey,Jeffy Girk,Wednesday,1,9
Morar-Harvey,Den Strethill,Wednesday,9,5
Morar-Harvey,Northrop Sacaze,Wednesday,5,1
Morar-Harvey,Baillie Dragge,Thursday,1,9
Morar-Harvey,Roxy Bedin,Thursday,9,5
Morar-Harvey,Den Strethill,Thursday,5,1
Morar-Harvey,Pall Abbay,Friday,1,9
Morar-Harvey,Northrop Sacaze,Friday,9,5
Morar-Harvey,Jeffy Girk,Friday,5,1
Morar-Harvey,Maridel Quan,Saturday,1,9
Morar-Harvey,Roanne Malby,Saturday,9,5
Morar-Harvey,Glenden Weepers,Saturday,5,1
Morar-Harvey,Maridel Quan,Sunday,1,9
Morar-Harvey,Gib Popov,Sunday,9,5
Morar-Harvey,Baillie Dragge,Sunday,5,1
Gleason and Sons,Bone Rakestraw,Monday,1,9
Gleason and Sons,Constanta Errey,Monday,9,5
Gleason and Sons,Baillie Dragge,Monday,5,1
Gleason and Sons,Glenden Weepers,Tuesday,1,9
Gleason and Sons,Northrop Sacaze,Tuesday,9,5
Gleason and Sons,Gib Popov,Tuesday,5,1
Gleason and Sons,Eddie Vasler,Wednesday,1,9
Gleason and Sons,Reinhard Elster,Wednesday,9,5
Gleason and Sons,Glenden Weepers,Wednesday,5,1
Gleason and Sons,Janessa Kennon,Thursday,1,9
Gleason and Sons,Sibelle Hemphall,Thursday,9,5
Gleason and Sons,Dorrie Hammer,Thursday,5,1
Gleason and Sons,Arny Portriss,Friday,1,9
Gleason and Sons,Caron Bentall,Friday,9,5
Gleason and Sons,Bone Rakestraw,Friday,5,1
Gleason and Sons,Caron Bentall,Saturday,1,9
Gleason and Sons,Glenden Weepers,Saturday,9,5
Gleason and Sons,Dorrie Hammer,Saturday,5,1
Gleason and Sons,Roxy Bedin,Sunday,1,9
Gleason and Sons,Constanta Errey,Sunday,9,5
Gleason and Sons,Jeffy Girk,Sunday,5,1
Green-Roberts,Maridel Quan,Monday,1,9
Green-Roberts,Den Strethill,Monday,9,5
Green-Roberts,Caron Bentall,Monday,5,1
Green-Roberts,Caron Bentall,Tuesday,1,9
Green-Roberts,Constanta Errey,Tuesday,9,5
Green-Roberts,Yolande Zambon,Tuesday,5,1
Green-Roberts,Constanta Errey,Wednesday,1,9
Green-Roberts,Kalvin Golley,Wednesday,9,5
Green-Roberts,Janessa Kennon,Wednesday,5,1
Green-Roberts,Dusty Towell,Thursday,1,9
Green-Roberts,Den Strethill,Thursday,9,5
Green-Roberts,Arny Portriss,Thursday,5,1
Green-Roberts,Baillie Dragge,Friday,1,9
Green-Roberts,Kalvin Golley,Friday,9,5
Green-Roberts,Rozanna Lawday,Friday,5,1
Green-Roberts,Baillie Dragge,Saturday,1,9
Green-Roberts,Rozanna Lawday,Saturday,9,5
Green-Roberts,Maridel Quan,Saturday,5,1
Green-Roberts,Constanta Errey,Sunday,1,9
Green-Roberts,Jeffy Girk,Sunday,9,5
Green-Roberts,Bone Rakestraw,Sunday,5,1
"Streich, Mosciski and Huel",Sibelle Hemphall,Monday,1,9
"Streich, Mosciski and Huel",Reinhard Elster,Monday,9,5
"Streich, Mosciski and Huel",Den Strethill,Monday,5,1
"Streich, Mosciski and Huel",Maridel Quan,Tuesday,1,9
"Streich, Mosciski and Huel",Janessa Kennon,Tuesday,9,5
"Streich, Mosciski and Huel",Bone Rakestraw,Tuesday,5,1
"Streich, Mosciski and Huel",Maridel Quan,Wednesday,1,9
"Streich, Mosciski and Huel",Gib Popov,Wednesday,9,5
"Streich, Mosciski and Huel",Constanta Errey,Wednesday,5,1
"Streich, Mosciski and Huel",Dorrie Hammer,Thursday,1,9
"Streich, Mosciski and Huel",Eddie Vasler,Thursday,9,5
"Streich, Mosciski and Huel",Reinhard Elster,Thursday,5,1
"Streich, Mosciski and Huel",Bone Rakestraw,Friday,1,9
"Streich, Mosciski and Huel",Lyndell Clayfield,Friday,9,5
"Streich, Mosciski and Huel",Sibelle Hemphall,Friday,5,1
"Streich, Mosciski and Huel",Roxy Bedin,Saturday,1,9
"Streich, Mosciski and Huel",Shari Juster,Saturday,9,5
"Streich, Mosciski and Huel",Jeffy Girk,Saturday,5,1
"Streich, Mosciski and Huel",Jeffy Girk,Sunday,1,9
"Streich, Mosciski and Huel",Sibelle Hemphall,Sunday,9,5
"Streich, Mosciski and Huel",Baillie Dragge,Sunday,5,1
Friesen Group,Lyndell Clayfield,Monday,1,9
Friesen Group,Constanta Errey,Monday,9,5
Friesen Group,Den Strethill,Monday,5,1
Friesen Group,Bone Rakestraw,Tuesday,1,9
Friesen Group,Jeffy Girk,Tuesday,9,5
Friesen Group,Maridel Quan,Tuesday,5,1
Friesen Group,Shari Juster,Wednesday,1,9
Friesen Group,Maridel Quan,Wednesday,9,5
Friesen Group,Rozanna Lawday,Wednesday,5,1
Friesen Group,Rozanna Lawday,Thursday,1,9
Friesen Group,Northrop Sacaze,Thursday,9,5
Friesen Group,Bone Rakestraw,Thursday,5,1
Friesen Group,Dusty Towell,Friday,1,9
Friesen Group,Caron Bentall,Friday,9,5
Friesen Group,Den Strethill,Friday,5,1
Friesen Group,Constanta Errey,Saturday,1,9
Friesen Group,Pall Abbay,Saturday,9,5
Friesen Group,Glenden Weepers,Saturday,5,1
Friesen Group,Lyndell Clayfield,Sunday,1,9
Friesen Group,Reinhard Elster,Sunday,9,5
Friesen Group,Eddie Vasler,Sunday,5,1
"Fisher, Cassin and Hackett",Lyndell Clayfield,Monday,1,9
"Fisher, Cassin and Hackett",Rozanna Lawday,Monday,9,5
"Fisher, Cassin and Hackett",Sibelle Hemphall,Monday,5,1
"Fisher, Cassin and Hackett",Sibelle Hemphall,Tuesday,1,9
"Fisher, Cassin and Hackett",Glenden Weepers,Tuesday,9,5
"Fisher, Cassin and Hackett",Rozanna Lawday,Tuesday,5,1
"Fisher, Cassin and Hackett",Glenden Weepers,Wednesday,1,9
"Fisher, Cassin and Hackett",Lyndell Clayfield,Wednesday,9,5
"Fisher, Cassin and Hackett",Jeffy Girk,Wednesday,5,1
"Fisher, Cassin and Hackett",Roanne Malby,Thursday,1,9
"Fisher, Cassin and Hackett",Reinhard Elster,Thursday,9,5
"Fisher, Cassin and Hackett",Eddie Vasler,Thursday,5,1
"Fisher, Cassin and Hackett",Caron Bentall,Friday,1,9
"Fisher, Cassin and Hackett",Reinhard Elster,Friday,9,5
"Fisher, Cassin and Hackett",Shari Juster,Friday,5,1
"Fisher, Cassin and Hackett",Janessa Kennon,Saturday,1,9
"Fisher, Cassin and Hackett",Baillie Dragge,Saturday,9,5
"Fisher, Cassin and Hackett",Glenden Weepers,Saturday,5,1
"Fisher, Cassin and Hackett",Northrop Sacaze,Sunday,1,9
"Fisher, Cassin and Hackett",Kalvin Golley,Sunday,9,5
"Fisher, Cassin and Hackett",Maridel Quan,Sunday,5,1
Hansen LLC,Maridel Quan,Monday,1,9
Hansen LLC,Lyndell Clayfield,Monday,9,5
Hansen LLC,Constanta Errey,Monday,5,1
Hansen LLC,Roxy Bedin,Tuesday,1,9
Hansen LLC,Maridel Quan,Tuesday,9,5
Hansen LLC,Northrop Sacaze,Tuesday,5,1
Hansen LLC,Bone Rakestraw,Wednesday,1,9
Hansen LLC,Dusty Towell,Wednesday,9,5
Hansen LLC,Caron Bentall,Wednesday,5,1
Hansen LLC,Caron Bentall,Thursday,1,9
Hansen LLC,Dusty Towell,Thursday,9,5
Hansen LLC,Bone Rakestraw,Thursday,5,1
Hansen LLC,Reinhard Elster,Friday,1,9
Hansen LLC,Sibelle Hemphall,Friday,9,5
Hansen LLC,Shari Juster,Friday,5,1
Hansen LLC,Arny Portriss,Saturday,1,9
Hansen LLC,Yolande Zambon,Saturday,9,5
Hansen LLC,Northrop Sacaze,Saturday,5,1
Hansen LLC,Lyndell Clayfield,Sunday,1,9
Hansen LLC,Constanta Errey,Sunday,9,5
Hansen LLC,Bone Rakestraw,Sunday,5,1
Volkman LLC,Roxy Bedin,Monday,1,9
Volkman LLC,Glenden Weepers,Monday,9,5
Volkman LLC,Northrop Sacaze,Monday,5,1
Volkman LLC,Caron Bentall,Tuesday,1,9
Volkman LLC,Reinhard Elster,Tuesday,9,5
Volkman LLC,Sibelle Hemphall,Tuesday,5,1
Volkman LLC,Dorrie Hammer,Wednesday,1,9
Volkman LLC,Maridel Quan,Wednesday,9,5
Volkman LLC,Constanta Errey,Wednesday,5,1
Volkman LLC,Roxy Bedin,Thursday,1,9
Volkman LLC,Sibelle Hemphall,Thursday,9,5
Volkman LLC,Roanne Malby,Thursday,5,1
Volkman LLC,Maridel Quan,Friday,1,9
Volkman LLC,Roxy Bedin,Friday,9,5
Volkman LLC,Glenden Weepers,Friday,5,1
Volkman LLC,Roanne Malby,Saturday,1,9
Volkman LLC,Dusty Towell,Saturday,9,5
Volkman LLC,Glenden Weepers,Saturday,5,1
Volkman LLC,Den Strethill,Sunday,1,9
Volkman LLC,Constanta Errey,Sunday,9,5
Volkman LLC,Lyndell Clayfield,Sunday,5,1
Pagac-Huels,Jeffy Girk,Monday,1,9
Pagac-Huels,Maridel Quan,Monday,9,5
Pagac-Huels,Eddie Vasler,Monday,5,1
Pagac-Huels,Kalvin Golley,Tuesday,1,9
Pagac-Huels,Jeffy Girk,Tuesday,9,5
Pagac-Huels,Baillie Dragge,Tuesday,5,1
Pagac-Huels,Dusty Towell,Wednesday,1,9
Pagac-Huels,Caron Bentall,Wednesday,9,5
Pagac-Huels,Sibelle Hemphall,Wednesday,5,1
Pagac-Huels,Gib Popov,Thursday,1,9
Pagac-Huels,Lyndell Clayfield,Thursday,9,5
Pagac-Huels,Pall Abbay,Thursday,5,1
Pagac-Huels,Maridel Quan,Friday,1,9
Pagac-Huels,Gib Popov,Friday,9,5
Pagac-Huels,Kalvin Golley,Friday,5,1
Pagac-Huels,Lyndell Clayfield,Saturday,1,9
Pagac-Huels,Reinhard Elster,Saturday,9,5
Pagac-Huels,Northrop Sacaze,Saturday,5,1
Pagac-Huels,Glenden Weepers,Sunday,1,9
Pagac-Huels,Baillie Dragge,Sunday,9,5
Pagac-Huels,Roanne Malby,Sunday,5,1
"Heathcote, Hoppe and Koss",Janessa Kennon,Monday,1,9
"Heathcote, Hoppe and Koss",Roxy Bedin,Monday,9,5
"Heathcote, Hoppe and Koss",Den Strethill,Monday,5,1
"Heathcote, Hoppe and Koss",Maridel Quan,Tuesday,1,9
"Heathcote, Hoppe and Koss",Shari Juster,Tuesday,9,5
"Heathcote, Hoppe and Koss",Rozanna Lawday,Tuesday,5,1
"Heathcote, Hoppe and Koss",Glenden Weepers,Wednesday,1,9
"Heathcote, Hoppe and Koss",Eddie Vasler,Wednesday,9,5
"Heathcote, Hoppe and Koss",Northrop Sacaze,Wednesday,5,1
"Heathcote, Hoppe and Koss",Kalvin Golley,Thursday,1,9
"Heathcote, Hoppe and Koss",Gib Popov,Thursday,9,5
"Heathcote, Hoppe and Koss",Roanne Malby,Thursday,5,1
"Heathcote, Hoppe and Koss",Dorrie Hammer,Friday,1,9
"Heathcote, Hoppe and Koss",Shari Juster,Friday,9,5
"Heathcote, Hoppe and Koss",Baillie Dragge,Friday,5,1
"Heathcote, Hoppe and Koss",Gib Popov,Saturday,1,9
"Heathcote, Hoppe and Koss",Maridel Quan,Saturday,9,5
"Heathcote, Hoppe and Koss",Rozanna Lawday,Saturday,5,1
"Heathcote, Hoppe and Koss",Baillie Dragge,Sunday,1,9
"Heathcote, Hoppe and Koss",Maridel Quan,Sunday,9,5
"Heathcote, Hoppe and Koss",Kalvin Golley,Sunday,5,1
Robel-Rutherford,Eddie Vasler,Monday,1,9
Robel-Rutherford,Den Strethill,Monday,9,5
Robel-Rutherford,Bone Rakestraw,Monday,5,1
Robel-Rutherford,Yolande Zambon,Tuesday,1,9
Robel-Rutherford,Roanne Malby,Tuesday,9,5
Robel-Rutherford,Dusty Towell,Tuesday,5,1
Robel-Rutherford,Arny Portriss,Wednesday,1,9
Robel-Rutherford,Glenden Weepers,Wednesday,9,5
Robel-Rutherford,Den Strethill,Wednesday,5,1
Robel-Rutherford,Lyndell Clayfield,Thursday,1,9
Robel-Rutherford,Jeffy Girk,Thursday,9,5
Robel-Rutherford,Constanta Errey,Thursday,5,1
Robel-Rutherford,Bone Rakestraw,Friday,1,9
Robel-Rutherford,Yolande Zambon,Friday,9,5
Robel-Rutherford,Jeffy Girk,Friday,5,1
Robel-Rutherford,Constanta Errey,Saturday,1,9
Robel-Rutherford,Gib Popov,Saturday,9,5
Robel-Rutherford,Kalvin Golley,Saturday,5,1
Robel-Rutherford,Eddie Vasler,Sunday,1,9
Robel-Rutherford,Caron Bentall,Sunday,9,5
Robel-Rutherford,Janessa Kennon,Sunday,5,1
"Spencer, Jerde and Predovic",Baillie Dragge,Monday,1,9
"Spencer, Jerde and Predovic",Shari Juster,Monday,9,5
"Spencer, Jerde and Predovic",Glenden Weepers,Monday,5,1
"Spencer, Jerde and Predovic",Pall Abbay,Tuesday,1,9
"Spencer, Jerde and Predovic",Yolande Zambon,Tuesday,9,5
"Spencer, Jerde and Predovic",Constanta Errey,Tuesday,5,1
"Spencer, Jerde and Predovic",Den Strethill,Wednesday,1,9
"Spencer, Jerde and Predovic",Dorrie Hammer,Wednesday,9,5
"Spencer, Jerde and Predovic",Constanta Errey,Wednesday,5,1
"Spencer, Jerde and Predovic",Janessa Kennon,Thursday,1,9
"Spencer, Jerde and Predovic",Den Strethill,Thursday,9,5
"Spencer, Jerde and Predovic",Reinhard Elster,Thursday,5,1
"Spencer, Jerde and Predovic",Dorrie Hammer,Friday,1,9
"Spencer, Jerde and Predovic",Yolande Zambon,Friday,9,5
"Spencer, Jerde and Predovic",Jeffy Girk,Friday,5,1
"Spencer, Jerde and Predovic",Shari Juster,Saturday,1,9
"Spencer, Jerde and Predovic",Constanta Errey,Saturday,9,5
"Spencer, Jerde and Predovic",Roxy Bedin,Saturday,5,1
"Spencer, Jerde and Predovic",Den Strethill,Sunday,1,9
"Spencer, Jerde and Predovic",Janessa Kennon,Sunday,9,5
"Spencer, Jerde and Predovic",Sibelle Hemphall,Sunday,5,1
"Fay, Gottlieb and Schuppe",Lyndell Clayfield,Monday,1,9
"Fay, Gottlieb and Schuppe",Dusty Towell,Monday,9,5
"Fay, Gottlieb and Schuppe",Pall Abbay,Monday,5,1
"Fay, Gottlieb and Schuppe",Baillie Dragge,Tuesday,1,9
"Fay, Gottlieb and Schuppe",Gib Popov,Tuesday,9,5
"Fay, Gottlieb and Schuppe",Eddie Vasler,Tuesday,5,1
"Fay, Gottlieb and Schuppe",Kalvin Golley,Wednesday,1,9
"Fay, Gottlieb and Schuppe",Den Strethill,Wednesday,9,5
"Fay, Gottlieb and Schuppe",Dorrie Hammer,Wednesday,5,1
"Fay, Gottlieb and Schuppe",Lyndell Clayfield,Thursday,1,9
"Fay, Gottlieb and Schuppe",Kalvin Golley,Thursday,9,5
"Fay, Gottlieb and Schuppe",Roxy Bedin,Thursday,5,1
"Fay, Gottlieb and Schuppe",Dusty Towell,Friday,1,9
"Fay, Gottlieb and Schuppe",Constanta Errey,Friday,9,5
"Fay, Gottlieb and Schuppe",Baillie Dragge,Friday,5,1
"Fay, Gottlieb and Schuppe",Roanne Malby,Saturday,1,9
"Fay, Gottlieb and Schuppe",Dorrie Hammer,Saturday,9,5
"Fay, Gottlieb and Schuppe",Shari Juster,Saturday,5,1
"Fay, Gottlieb and Schuppe",Lyndell Clayfield,Sunday,1,9
"Fay, Gottlieb and Schuppe",Pall Abbay,Sunday,9,5
"Fay, Gottlieb and Schuppe",Caron Bentall,Sunday,5,1
Langosh Group,Eddie Vasler,Monday,1,9
Langosh Group,Roxy Bedin,Monday,9,5
Langosh Group,Den Strethill,Monday,5,1
Langosh Group,Shari Juster,Tuesday,1,9
Langosh Group,Bone Rakestraw,Tuesday,9,5
Langosh Group,Roanne Malby,Tuesday,5,1
Langosh Group,Lyndell Clayfield,Wednesday,1,9
Langosh Group,Caron Bentall,Wednesday,9,5
Langosh Group,Rozanna Lawday,Wednesday,5,1
Langosh Group,Yolande Zambon,Thursday,1,9
Langosh Group,Northrop Sacaze,Thursday,9,5
Langosh Group,Caron Bentall,Thursday,5,1
Langosh Group,Yolande Zambon,Friday,1,9
Langosh Group,Gib Popov,Friday,9,5
Langosh Group,Reinhard Elster,Friday,5,1
Langosh Group,Janessa Kennon,Saturday,1,9
Langosh Group,Roanne Malby,Saturday,9,5
Langosh Group,Dorrie Hammer,Saturday,5,1
Langosh Group,Dorrie Hammer,Sunday,1,9
Langosh Group,Maridel Quan,Sunday,9,5
Langosh Group,Dusty Towell,Sunday,5,1
Renner Group,Janessa Kennon,Monday,1,9
Renner Group,Dorrie Hammer,Monday,9,5
Renner Group,Shari Juster,Monday,5,1
Renner Group,Jeffy Girk,Tuesday,1,9
Renner Group,Lyndell Clayfield,Tuesday,9,5
Renner Group,Roxy Bedin,Tuesday,5,1
Renner Group,Arny Portriss,Wednesday,1,9
Renner Group,Maridel Quan,Wednesday,9,5
Renner Group,Jeffy Girk,Wednesday,5,1
Renner Group,Bone Rakestraw,Thursday,1,9
Renner Group,Baillie Dragge,Thursday,9,5
Renner Group,Eddie Vasler,Thursday,5,1
Renner Group,Pall Abbay,Friday,1,9
Renner Group,Caron Bentall,Friday,9,5
Renner Group,Yolande Zambon,Friday,5,1
Renner Group,Northrop Sacaze,Saturday,1,9
Renner Group,Rozanna Lawday,Saturday,9,5
Renner Group,Kalvin Golley,Saturday,5,1
Renner Group,Dusty Towell,Sunday,1,9
Renner Group,Pall Abbay,Sunday,9,5
Renner Group,Reinhard Elster,Sunday,5,1
"Towne, Nikolaus and Thiel",Bone Rakestraw,Monday,1,9
"Towne, Nikolaus and Thiel",Arny Portriss,Monday,9,5
"Towne, Nikolaus and Thiel",Maridel Quan,Monday,5,1
"Towne, Nikolaus and Thiel",Reinhard Elster,Tuesday,1,9
"Towne, Nikolaus and Thiel",Pall Abbay,Tuesday,9,5
"Towne, Nikolaus and Thiel",Constanta Errey,Tuesday,5,1
"Towne, Nikolaus and Thiel",Arny Portriss,Wednesday,1,9
"Towne, Nikolaus and Thiel",Northrop Sacaze,Wednesday,9,5
"Towne, Nikolaus and Thiel",Gib Popov,Wednesday,5,1
"Towne, Nikolaus and Thiel",Den Strethill,Thursday,1,9
"Towne, Nikolaus and Thiel",Northrop Sacaze,Thursday,9,5
"Towne, Nikolaus and Thiel",Reinhard Elster,Thursday,5,1
"Towne, Nikolaus and Thiel",Yolande Zambon,Friday,1,9
"Towne, Nikolaus and Thiel",Janessa Kennon,Friday,9,5
"Towne, Nikolaus and Thiel",Reinhard Elster,Friday,5,1
"Towne, Nikolaus and Thiel",Pall Abbay,Saturday,1,9
"Towne, Nikolaus and Thiel",Roanne Malby,Saturday,9,5
"Towne, Nikolaus and Thiel",Jeffy Girk,Saturday,5,1
"Towne, Nikolaus and Thiel",Reinhard Elster,Sunday,1,9
"Towne, Nikolaus and Thiel",Kalvin Golley,Sunday,9,5
"Towne, Nikolaus and Thiel",Yolande Zambon,Sunday,5,1
Wyman and Sons,Roanne Malby,Monday,1,9
Wyman and Sons,Glenden Weepers,Monday,9,5
Wyman and Sons,Dorrie Hammer,Monday,5,1
Wyman and Sons,Constanta Errey,Tuesday,1,9
Wyman and Sons,Shari Juster,Tuesday,9,5
Wyman and Sons,Lyndell Clayfield,Tuesday,5,1
Wyman and Sons,Caron Bentall,Wednesday,1,9
Wyman and Sons,Baillie Dragge,Wednesday,9,5
Wyman and Sons,Eddie Vasler,Wednesday,5,1
Wyman and Sons,Dorrie Hammer,Thursday,1,9
Wyman and Sons,Arny Portriss,Thursday,9,5
Wyman and Sons,Sibelle Hemphall,Thursday,5,1
Wyman and Sons,Glenden Weepers,Friday,1,9
Wyman and Sons,Kalvin Golley,Friday,9,5
Wyman and Sons,Constanta Errey,Friday,5,1
Wyman and Sons,Janessa Kennon,Saturday,1,9
Wyman and Sons,Eddie Vasler,Saturday,9,5
Wyman and Sons,Constanta Errey,Saturday,5,1
Wyman and Sons,Maridel Quan,Sunday,1,9
Wyman and Sons,Glenden Weepers,Sunday,9,5
Wyman and Sons,Shari Juster,Sunday,5,1
"Cassin, Feil and Schmitt",Sibelle Hemphall,Monday,1,9
"Cassin, Feil and Schmitt",Dusty Towell,Monday,9,5
"Cassin, Feil and Schmitt",Den Strethill,Monday,5,1
"Cassin, Feil and Schmitt",Reinhard Elster,Tuesday,1,9
"Cassin, Feil and Schmitt",Dusty Towell,Tuesday,9,5
"Cassin, Feil and Schmitt",Glenden Weepers,Tuesday,5,1
"Cassin, Feil and Schmitt",Janessa Kennon,Wednesday,1,9
"Cassin, Feil and Schmitt",Sibelle Hemphall,Wednesday,9,5
"Cassin, Feil and Schmitt",Baillie Dragge,Wednesday,5,1
"Cassin, Feil and Schmitt",Northrop Sacaze,Thursday,1,9
"Cassin, Feil and Schmitt",Dusty Towell,Thursday,9,5
"Cassin, Feil and Schmitt",Pall Abbay,Thursday,5,1
"Cassin, Feil and Schmitt",Reinhard Elster,Friday,1,9
"Cassin, Feil and Schmitt",Gib Popov,Friday,9,5
"Cassin, Feil and Schmitt",Dusty Towell,Friday,5,1
"Cassin, Feil and Schmitt",Caron Bentall,Saturday,1,9
"Cassin, Feil and Schmitt",Dorrie Hammer,Saturday,9,5
"Cassin, Feil and Schmitt",Pall Abbay,Saturday,5,1
"Cassin, Feil and Schmitt",Dusty Towell,Sunday,1,9
"Cassin, Feil and Schmitt",Roanne Malby,Sunday,9,5
"Cassin, Feil and Schmitt",Den Strethill,Sunday,5,1
"Cole, Larson and Weber",Dusty Towell,Monday,1,9
"Cole, Larson and Weber",Arny Portriss,Monday,9,5
"Cole, Larson and Weber",Maridel Quan,Monday,5,1
"Cole, Larson and Weber",Kalvin Golley,Tuesday,1,9
"Cole, Larson and Weber",Lyndell Clayfield,Tuesday,9,5
"Cole, Larson and Weber",Pall Abbay,Tuesday,5,1
"Cole, Larson and Weber",Lyndell Clayfield,Wednesday,1,9
"Cole, Larson and Weber",Sibelle Hemphall,Wednesday,9,5
"Cole, Larson and Weber",Bone Rakestraw,Wednesday,5,1
"Cole, Larson and Weber",Rozanna Lawday,Thursday,1,9
"Cole, Larson and Weber",Den Strethill,Thursday,9,5
"Cole, Larson and Weber",Constanta Errey,Thursday,5,1
"Cole, Larson and Weber",Gib Popov,Friday,1,9
"Cole, Larson and Weber",Janessa Kennon,Friday,9,5
"Cole, Larson and Weber",Arny Portriss,Friday,5,1
"Cole, Larson and Weber",Caron Bentall,Saturday,1,9
"Cole, Larson and Weber",Lyndell Clayfield,Saturday,9,5
"Cole, Larson and Weber",Eddie Vasler,Saturday,5,1
"Cole, Larson and Weber",Dorrie Hammer,Sunday,1,9
"Cole, Larson and Weber",Den Strethill,Sunday,9,5
"Cole, Larson and Weber",Sibelle Hemphall,Sunday,5,1
Cronin and Sons,Shari Juster,Monday,1,9
Cronin and Sons,Sibelle Hemphall,Monday,9,5
Cronin and Sons,Dorrie Hammer,Monday,5,1
Cronin and Sons,Arny Portriss,Tuesday,1,9
Cronin and Sons,Den Strethill,Tuesday,9,5
Cronin and Sons,Rozanna Lawday,Tuesday,5,1
Cronin and Sons,Den Strethill,Wednesday,1,9
Cronin and Sons,Arny Portriss,Wednesday,9,5
Cronin and Sons,Dusty Towell,Wednesday,5,1
Cronin and Sons,Reinhard Elster,Thursday,1,9
Cronin and Sons,Yolande Zambon,Thursday,9,5
Cronin and Sons,Kalvin Golley,Thursday,5,1
Cronin and Sons,Jeffy Girk,Friday,1,9
Cronin and Sons,Constanta Errey,Friday,9,5
Cronin and Sons,Gib Popov,Friday,5,1
Cronin and Sons,Gib Popov,Saturday,1,9
Cronin and Sons,Den Strethill,Saturday,9,5
Cronin and Sons,Kalvin Golley,Saturday,5,1
Cronin and Sons,Roanne Malby,Sunday,1,9
Cronin and Sons,Maridel Quan,Sunday,9,5
Cronin and Sons,Pall Abbay,Sunday,5,1
Pouros-Rohan,Caron Bentall,Monday,1,9
Pouros-Rohan,Eddie Vasler,Monday,9,5
Pouros-Rohan,Pall Abbay,Monday,5,1
Pouros-Rohan,Northrop Sacaze,Tuesday,1,9
Pouros-Rohan,Bone Rakestraw,Tuesday,9,5
Pouros-Rohan,Den Strethill,Tuesday,5,1
Pouros-Rohan,Arny Portriss,Wednesday,1,9
Pouros-Rohan,Northrop Sacaze,Wednesday,9,5
Pouros-Rohan,Rozanna Lawday,Wednesday,5,1
Pouros-Rohan,Baillie Dragge,Thursday,1,9
Pouros-Rohan,Kalvin Golley,Thursday,9,5
Pouros-Rohan,Reinhard Elster,Thursday,5,1
Pouros-Rohan,Rozanna Lawday,Friday,1,9
Pouros-Rohan,Janessa Kennon,Friday,9,5
Pouros-Rohan,Yolande Zambon,Friday,5,1
Pouros-Rohan,Sibelle Hemphall,Saturday,1,9
Pouros-Rohan,Dorrie Hammer,Saturday,9,5
Pouros-Rohan,Glenden Weepers,Saturday,5,1
Pouros-Rohan,Baillie Dragge,Sunday,1,9
Pouros-Rohan,Shari Juster,Sunday,9,5
Pouros-Rohan,Bone Rakestraw,Sunday,5,1
Romaguera-Rau,Roxy Bedin,Monday,1,9
Romaguera-Rau,Jeffy Girk,Monday,9,5
Romaguera-Rau,Sibelle Hemphall,Monday,5,1
Romaguera-Rau,Den Strethill,Tuesday,1,9
Romaguera-Rau,Constanta Errey,Tuesday,9,5
Romaguera-Rau,Kalvin Golley,Tuesday,5,1
Romaguera-Rau,Arny Portriss,Wednesday,1,9
Romaguera-Rau,Constanta Errey,Wednesday,9,5
Romaguera-Rau,Maridel Quan,Wednesday,5,1
Romaguera-Rau,Janessa Kennon,Thursday,1,9
Romaguera-Rau,Kalvin Golley,Thursday,9,5
Romaguera-Rau,Northrop Sacaze,Thursday,5,1
Romaguera-Rau,Glenden Weepers,Friday,1,9
Romaguera-Rau,Jeffy Girk,Friday,9,5
Romaguera-Rau,Yolande Zambon,Friday,5,1
Romaguera-Rau,Constanta Errey,Saturday,1,9
Romaguera-Rau,Bone Rakestraw,Saturday,9,5
Romaguera-Rau,Sibelle Hemphall,Saturday,5,1
Romaguera-Rau,Glenden Weepers,Sunday,1,9
Romaguera-Rau,Eddie Vasler,Sunday,9,5
Romaguera-Rau,Gib Popov,Sunday,5,1
"Keeling, Okuneva and Rippin",Glenden Weepers,Monday,1,9
"Keeling, Okuneva and Rippin",Yolande Zambon,Monday,9,5
"Keeling, Okuneva and Rippin",Eddie Vasler,Monday,5,1
"Keeling, Okuneva and Rippin",Kalvin Golley,Tuesday,1,9
"Keeling, Okuneva and Rippin",Dorrie Hammer,Tuesday,9,5
"Keeling, Okuneva and Rippin",Maridel Quan,Tuesday,5,1
"Keeling, Okuneva and Rippin",Constanta Errey,Wednesday,1,9
"Keeling, Okuneva and Rippin",Yolande Zambon,Wednesday,9,5
"Keeling, Okuneva and Rippin",Reinhard Elster,Wednesday,5,1
"Keeling, Okuneva and Rippin",Shari Juster,Thursday,1,9
"Keeling, Okuneva and Rippin",Eddie Vasler,Thursday,9,5
"Keeling, Okuneva and Rippin",Glenden Weepers,Thursday,5,1
"Keeling, Okuneva and Rippin",Maridel Quan,Friday,1,9
"Keeling, Okuneva and Rippin",Dusty Towell,Friday,9,5
"Keeling, Okuneva and Rippin",Bone Rakestraw,Friday,5,1
"Keeling, Okuneva and Rippin",Roanne Malby,Saturday,1,9
"Keeling, Okuneva and Rippin",Northrop Sacaze,Saturday,9,5
"Keeling, Okuneva and Rippin",Baillie Dragge,Saturday,5,1
"Keeling, Okuneva and Rippin",Yolande Zambon,Sunday,1,9
"Keeling, Okuneva and Rippin",Constanta Errey,Sunday,9,5
"Keeling, Okuneva and Rippin",Jeffy Girk,Sunday,5,1
Rutherford LLC,Reinhard Elster,Monday,1,9
Rutherford LLC,Dorrie Hammer,Monday,9,5
Rutherford LLC,Bone Rakestraw,Monday,5,1
Rutherford LLC,Baillie Dragge,Tuesday,1,9
Rutherford LLC,Maridel Quan,Tuesday,9,5
Rutherford LLC,Jeffy Girk,Tuesday,5,1
Rutherford LLC,Dorrie Hammer,Wednesday,1,9
Rutherford LLC,Glenden Weepers,Wednesday,9,5
Rutherford LLC,Northrop Sacaze,Wednesday,5,1
Rutherford LLC,Rozanna Lawday,Thursday,1,9
Rutherford LLC,Northrop Sacaze,Thursday,9,5
Rutherford LLC,Yolande Zambon,Thursday,5,1
Rutherford LLC,Pall Abbay,Friday,1,9
Rutherford LLC,Gib Popov,Friday,9,5
Rutherford LLC,Lyndell Clayfield,Friday,5,1
Rutherford LLC,Baillie Dragge,Saturday,1,9
Rutherford LLC,Den Strethill,Saturday,9,5
Rutherford LLC,Maridel Quan,Saturday,5,1
Rutherford LLC,Shari Juster,Sunday,1,9
Rutherford LLC,Eddie Vasler,Sunday,9,5
Rutherford LLC,Roanne Malby,Sunday,5,1
Bailey Inc,Roanne Malby,Monday,1,9
Bailey Inc,Dorrie Hammer,Monday,9,5
Bailey Inc,Arny Portriss,Monday,5,1
Bailey Inc,Kalvin Golley,Tuesday,1,9
Bailey Inc,Dorrie Hammer,Tuesday,9,5
Bailey Inc,Gib Popov,Tuesday,5,1
Bailey Inc,Sibelle Hemphall,Wednesday,1,9
Bailey Inc,Rozanna Lawday,Wednesday,9,5
Bailey Inc,Gib Popov,Wednesday,5,1
Bailey Inc,Janessa Kennon,Thursday,1,9
Bailey Inc,Roanne Malby,Thursday,9,5
Bailey Inc,Lyndell Clayfield,Thursday,5,1
Bailey Inc,Baillie Dragge,Friday,1,9
Bailey Inc,Northrop Sacaze,Friday,9,5
Bailey Inc,Yolande Zambon,Friday,5,1
Bailey Inc,Northrop Sacaze,Saturday,1,9
Bailey Inc,Baillie Dragge,Saturday,9,5
Bailey Inc,Dorrie Hammer,Saturday,5,1
Bailey Inc,Glenden Weepers,Sunday,1,9
Bailey Inc,Bone Rakestraw,Sunday,9,5
Bailey Inc,Jeffy Girk,Sunday,5,1
"Heller, Ortiz and Kovacek",Kalvin Golley,Monday,1,9
"Heller, Ortiz and Kovacek",Caron Bentall,Monday,9,5
"Heller, Ortiz and Kovacek",Dusty Towell,Monday,5,1
"Heller, Ortiz and Kovacek",Bone Rakestraw,Tuesday,1,9
"Heller, Ortiz and Kovacek",Baillie Dragge,Tuesday,9,5
"Heller, Ortiz and Kovacek",Eddie Vasler,Tuesday,5,1
"Heller, Ortiz and Kovacek",Northrop Sacaze,Wednesday,1,9
"Heller, Ortiz and Kovacek",Sibelle Hemphall,Wednesday,9,5
"Heller, Ortiz and Kovacek",Gib Popov,Wednesday,5,1
"Heller, Ortiz and Kovacek",Shari Juster,Thursday,1,9
"Heller, Ortiz and Kovacek",Yolande Zambon,Thursday,9,5
"Heller, Ortiz and Kovacek",Gib Popov,Thursday,5,1
"Heller, Ortiz and Kovacek",Yolande Zambon,Friday,1,9
"Heller, Ortiz and Kovacek",Arny Portriss,Friday,9,5
"Heller, Ortiz and Kovacek",Lyndell Clayfield,Friday,5,1
"Heller, Ortiz and Kovacek",Roanne Malby,Saturday,1,9
"Heller, Ortiz and Kovacek",Dusty Towell,Saturday,9,5
"Heller, Ortiz and Kovacek",Shari Juster,Saturday,5,1
"Heller, Ortiz and Kovacek",Roxy Bedin,Sunday,1,9
"Heller, Ortiz and Kovacek",Sibelle Hemphall,Sunday,9,5
"Heller, Ortiz and Kovacek",Gib Popov,Sunday,5,1
Walsh and Sons,Roxy Bedin,Monday,1,9
Walsh and Sons,Dorrie Hammer,Monday,9,5
Walsh and Sons,Gib Popov,Monday,5,1
Walsh and Sons,Maridel Quan,Tuesday,1,9
Walsh and Sons,Bone Rakestraw,Tuesday,9,5
Walsh and Sons,Yolande Zambon,Tuesday,5,1
Walsh and Sons,Eddie Vasler,Wednesday,1,9
Walsh and Sons,Glenden Weepers,Wednesday,9,5
Walsh and Sons,Yolande Zambon,Wednesday,5,1
Walsh and Sons,Rozanna Lawday,Thursday,1,9
Walsh and Sons,Arny Portriss,Thursday,9,5
Walsh and Sons,Sibelle Hemphall,Thursday,5,1
Walsh and Sons,Shari Juster,Friday,1,9
Walsh and Sons,Maridel Quan,Friday,9,5
Walsh and Sons,Glenden Weepers,Friday,5,1
Walsh and Sons,Roxy Bedin,Saturday,1,9
Walsh and Sons,Maridel Quan,Saturday,9,5
Walsh and Sons,Arny Portriss,Saturday,5,1
Walsh and Sons,Glenden Weepers,Sunday,1,9
Walsh and Sons,Dorrie Hammer,Sunday,9,5
Walsh and Sons,Bone Rakestraw,Sunday,5,1
Metz-Kozey,Arny Portriss,Monday,1,9
Metz-Kozey,Eddie Vasler,Monday,9,5
Metz-Kozey,Dusty Towell,Monday,5,1
Metz-Kozey,Jeffy Girk,Tuesday,1,9
Metz-Kozey,Pall Abbay,Tuesday,9,5
Metz-Kozey,Lyndell Clayfield,Tuesday,5,1
Metz-Kozey,Jeffy Girk,Wednesday,1,9
Metz-Kozey,Shari Juster,Wednesday,9,5
Metz-Kozey,Dorrie Hammer,Wednesday,5,1
Metz-Kozey,Northrop Sacaze,Thursday,1,9
Metz-Kozey,Kalvin Golley,Thursday,9,5
Metz-Kozey,Sibelle Hemphall,Thursday,5,1
Metz-Kozey,Eddie Vasler,Friday,1,9
Metz-Kozey,Gib Popov,Friday,9,5
Metz-Kozey,Roanne Malby,Friday,5,1
Metz-Kozey,Maridel Quan,Saturday,1,9
Metz-Kozey,Constanta Errey,Saturday,9,5
Metz-Kozey,Pall Abbay,Saturday,5,1
Metz-Kozey,Roxy Bedin,Sunday,1,9
Metz-Kozey,Sibelle Hemphall,Sunday,9,5
Metz-Kozey,Rozanna Lawday,Sunday,5,1
Batz Group,Roxy Bedin,Monday,1,9
Batz Group,Arny Portriss,Monday,9,5
Batz Group,Maridel Quan,Monday,5,1
Batz Group,Rozanna Lawday,Tuesday,1,9
Batz Group,Northrop Sacaze,Tuesday,9,5
Batz Group,Jeffy Girk,Tuesday,5,1
Batz Group,Rozanna Lawday,Wednesday,1,9
Batz Group,Glenden Weepers,Wednesday,9,5
Batz Group,Den Strethill,Wednesday,5,1
Batz Group,Arny Portriss,Thursday,1,9
Batz Group,Jeffy Girk,Thursday,9,5
Batz Group,Glenden Weepers,Thursday,5,1
Batz Group,Sibelle Hemphall,Friday,1,9
Batz Group,Bone Rakestraw,Friday,9,5
Batz Group,Roanne Malby,Friday,5,1
Batz Group,Roanne Malby,Saturday,1,9
Batz Group,Dusty Towell,Saturday,9,5
Batz Group,Jeffy Girk,Saturday,5,1
Batz Group,Roanne Malby,Sunday,1,9
Batz Group,Eddie Vasler,Sunday,9,5
Batz Group,Jeffy Girk,Sunday,5,1
